2026-06-15 13:38:32.353 | INFO     | logging:callHandlers:1737 - 127.0.0.1:58455 - "POST /api/clear-logs HTTP/1.1" 200
2026-06-15 13:50:23.426 | INFO     | logging:callHandlers:1737 - Shutting down
2026-06-15 13:50:23.533 | INFO     | logging:callHandlers:1737 - Waiting for application shutdown.
2026-06-15 13:50:23.540 | INFO     | logging:callHandlers:1737 - Application shutdown complete.
2026-06-15 13:50:23.541 | INFO     | logging:callHandlers:1737 - Finished server process [24532]
2026-06-15 13:50:23.784 | INFO     | logging:callHandlers:1737 - Stopping reloader process [22144]
2026-06-15 13:50:32.304 | INFO     | logging:callHandlers:1737 - Uvicorn running on http://0.0.0.0:8000 (Press CTRL+C to quit)
2026-06-15 13:50:32.305 | INFO     | logging:callHandlers:1737 - Started reloader process [15740] using StatReload
2026-06-15 13:50:34.658 | INFO     | logging:callHandlers:1737 - Started server process [23828]
2026-06-15 13:50:34.659 | INFO     | logging:callHandlers:1737 - Waiting for application startup.
2026-06-15 13:50:34.659 | INFO     | main:startup:62 - 🚀 SurveyCXM Popup API starting up...
2026-06-15 13:50:35.331 | INFO     | main:startup:65 - ✅ Database pre-warmed successfully
2026-06-15 13:50:35.333 | INFO     | main:startup:70 - 🌐 API is available at: http://127.0.0.1:8000/
2026-06-15 13:50:35.335 | INFO     | logging:callHandlers:1737 - Application startup complete.
2026-06-15 14:14:46.820 | INFO     | logging:callHandlers:1737 - 192.168.15.59:57407 - "POST /api/login-popup-summary HTTP/1.1" 200
2026-06-15 14:16:27.969 | INFO     | logging:callHandlers:1737 - 192.168.15.59:64657 - "POST /api/login-popup-summary HTTP/1.1" 200
2026-06-15 14:16:28.048 | INFO     | logging:callHandlers:1737 - 192.168.15.59:62305 - "GET /api/audio/tts_b151a48ea5d143d3be867f7c0c8d9e06.mp3 HTTP/1.1" 200
2026-06-15 14:16:28.153 | INFO     | logging:callHandlers:1737 - 192.168.15.59:62306 - "GET /api/audio/tts_6cc73eb2413d46d6934da4c2be75cf3c.mp3 HTTP/1.1" 200
2026-06-15 14:21:28.124 | INFO     | services.tts_service:delayed_delete:52 - Auto-deleted audio file: static\audio\tts_b151a48ea5d143d3be867f7c0c8d9e06.mp3
2026-06-15 14:21:28.202 | INFO     | services.tts_service:delayed_delete:52 - Auto-deleted audio file: static\audio\tts_6cc73eb2413d46d6934da4c2be75cf3c.mp3
2026-06-15 14:22:30.465 | INFO     | logging:callHandlers:1737 - Shutting down
2026-06-15 14:22:30.575 | INFO     | logging:callHandlers:1737 - Waiting for application shutdown.
2026-06-15 14:22:30.576 | INFO     | logging:callHandlers:1737 - Application shutdown complete.
2026-06-15 14:22:30.577 | INFO     | logging:callHandlers:1737 - Finished server process [23828]
2026-06-15 14:22:30.859 | INFO     | logging:callHandlers:1737 - Stopping reloader process [15740]
2026-06-15 14:25:46.578 | INFO     | logging:callHandlers:1737 - Uvicorn running on http://0.0.0.0:8000 (Press CTRL+C to quit)
2026-06-15 14:25:46.579 | INFO     | logging:callHandlers:1737 - Started reloader process [24516] using StatReload
2026-06-15 14:25:48.581 | INFO     | logging:callHandlers:1737 - Started server process [21256]
2026-06-15 14:25:48.581 | INFO     | logging:callHandlers:1737 - Waiting for application startup.
2026-06-15 14:25:48.582 | INFO     | main:startup:62 - 🚀 SurveyCXM Popup API starting up...
2026-06-15 14:25:49.300 | INFO     | main:startup:65 - ✅ Database pre-warmed successfully
2026-06-15 14:25:49.300 | INFO     | main:startup:70 - 🌐 API is available at: http://127.0.0.1:8000/
2026-06-15 14:25:49.301 | INFO     | logging:callHandlers:1737 - Application startup complete.
2026-06-15 14:26:32.972 | INFO     | logging:callHandlers:1737 - 192.168.15.59:61176 - "POST /api/login-popup-summary HTTP/1.1" 200
2026-06-15 14:26:33.097 | INFO     | logging:callHandlers:1737 - 192.168.15.59:50901 - "GET /api/audio/tts_98290e55d8bb436fb1cf4e1031e74a3f.mp3 HTTP/1.1" 200
2026-06-15 14:26:33.286 | INFO     | logging:callHandlers:1737 - 192.168.15.59:50902 - "GET /api/audio/tts_b8ebc9ee92c24210be0445c4a1da55f6.mp3 HTTP/1.1" 200
2026-06-15 14:27:46.510 | WARNING  | logging:callHandlers:1737 - StatReload detected changes in 'services\ai_service.py'. Reloading...
2026-06-15 14:27:46.587 | INFO     | logging:callHandlers:1737 - Shutting down
2026-06-15 14:27:46.694 | INFO     | logging:callHandlers:1737 - Waiting for background tasks to complete. (CTRL+C to force quit)
2026-06-15 14:31:33.263 | INFO     | services.tts_service:delayed_delete:52 - Auto-deleted audio file: static\audio\tts_98290e55d8bb436fb1cf4e1031e74a3f.mp3
2026-06-15 14:31:33.386 | INFO     | services.tts_service:delayed_delete:52 - Auto-deleted audio file: static\audio\tts_b8ebc9ee92c24210be0445c4a1da55f6.mp3
2026-06-15 14:31:33.416 | INFO     | logging:callHandlers:1737 - Waiting for application shutdown.
2026-06-15 14:31:33.417 | INFO     | logging:callHandlers:1737 - Application shutdown complete.
2026-06-15 14:31:33.418 | INFO     | logging:callHandlers:1737 - Finished server process [21256]
2026-06-15 14:31:35.759 | INFO     | logging:callHandlers:1737 - Started server process [11452]
2026-06-15 14:31:35.760 | INFO     | logging:callHandlers:1737 - Waiting for application startup.
2026-06-15 14:31:35.761 | INFO     | main:startup:62 - 🚀 SurveyCXM Popup API starting up...
2026-06-15 14:31:36.350 | INFO     | main:startup:65 - ✅ Database pre-warmed successfully
2026-06-15 14:31:36.351 | INFO     | main:startup:70 - 🌐 API is available at: http://127.0.0.1:8000/
2026-06-15 14:31:36.353 | INFO     | logging:callHandlers:1737 - Application startup complete.
2026-06-15 14:32:20.066 | INFO     | logging:callHandlers:1737 - 192.168.15.59:54367 - "POST /api/login-popup-summary HTTP/1.1" 200
2026-06-15 14:32:20.139 | INFO     | logging:callHandlers:1737 - 192.168.15.59:51226 - "GET /api/audio/tts_98e9aee27deb4ce6bd7b7a36e18f792a.mp3 HTTP/1.1" 200
2026-06-15 14:32:20.298 | INFO     | logging:callHandlers:1737 - 192.168.15.59:51227 - "GET /api/audio/tts_3c6c4132c7644f509d41e72cffef55b9.mp3 HTTP/1.1" 200
2026-06-15 14:33:16.979 | INFO     | logging:callHandlers:1737 - 192.168.15.59:51191 - "POST /api/login-popup-summary HTTP/1.1" 200
2026-06-15 14:33:37.610 | WARNING  | logging:callHandlers:1737 - StatReload detected changes in 'services\ai_service.py'. Reloading...
2026-06-15 14:33:37.653 | INFO     | logging:callHandlers:1737 - Shutting down
2026-06-15 14:33:37.762 | INFO     | logging:callHandlers:1737 - Waiting for background tasks to complete. (CTRL+C to force quit)
2026-06-15 14:34:02.845 | INFO     | logging:callHandlers:1737 - Finished server process [11452]
2026-06-15 14:34:02.864 | ERROR    | logging:callHandlers:1737 - Traceback (most recent call last):
  File "C:\Python314\Lib\asyncio\runners.py", line 204, in run
    return runner.run(main)
           ~~~~~~~~~~^^^^^^
  File "C:\Python314\Lib\asyncio\runners.py", line 127, in run
    return self._loop.run_until_complete(task)
           ~~~~~~~~~~~~~~~~~~~~~~~~~~~~~^^^^^^
  File "C:\Python314\Lib\asyncio\base_events.py", line 706, in run_until_complete
    self.run_forever()
    ~~~~~~~~~~~~~~~~^^
  File "C:\Python314\Lib\asyncio\base_events.py", line 677, in run_forever
    self._run_once()
    ~~~~~~~~~~~~~~^^
  File "C:\Python314\Lib\asyncio\base_events.py", line 2046, in _run_once
    handle._run()
    ~~~~~~~~~~~^^
  File "C:\Python314\Lib\asyncio\events.py", line 94, in _run
    self._context.run(self._callback, *self._args)
    ~~~~~~~~~~~~~~~~~^^^^^^^^^^^^^^^^^^^^^^^^^^^^^
  File "D:\SUNIL KUMAWAT\New_popup\venv\Lib\site-packages\uvicorn\server.py", line 78, in serve
    with self.capture_signals():
         ~~~~~~~~~~~~~~~~~~~~^^
  File "C:\Python314\Lib\contextlib.py", line 148, in __exit__
    next(self.gen)
    ~~~~^^^^^^^^^^
  File "D:\SUNIL KUMAWAT\New_popup\venv\Lib\site-packages\uvicorn\server.py", line 339, in capture_signals
    signal.raise_signal(captured_signal)
    ~~~~~~~~~~~~~~~~~~~^^^^^^^^^^^^^^^^^
  File "C:\Python314\Lib\asyncio\runners.py", line 166, in _on_sigint
    raise KeyboardInterrupt()
KeyboardInterrupt

During handling of the above exception, another exception occurred:

Traceback (most recent call last):
  File "D:\SUNIL KUMAWAT\New_popup\venv\Lib\site-packages\starlette\routing.py", line 645, in lifespan
    await receive()
  File "D:\SUNIL KUMAWAT\New_popup\venv\Lib\site-packages\uvicorn\lifespan\on.py", line 137, in receive
    return await self.receive_queue.get()
           ^^^^^^^^^^^^^^^^^^^^^^^^^^^^^^
  File "C:\Python314\Lib\asyncio\queues.py", line 186, in get
    await getter
asyncio.exceptions.CancelledError

2026-06-15 14:34:02.866 | ERROR    | logging:callHandlers:1737 - Exception in ASGI application

Traceback (most recent call last):

  File "C:\Python314\Lib\asyncio\runners.py", line 204, in run
    return runner.run(main)
           │      │   └ <coroutine object Server.serve at 0x0000018A595D0400>
           │      └ <function Runner.run at 0x0000018A58925220>
           └ <asyncio.runners.Runner object at 0x0000018A594EB0E0>
  File "C:\Python314\Lib\asyncio\runners.py", line 127, in run
    return self._loop.run_until_complete(task)
           │    │     │                  └ <Task finished name='Task-1' coro=<Server.serve() done, defined at D:\SUNIL KUMAWAT\New_popup\venv\Lib\site-packages\uvicorn\...
           │    │     └ <function BaseEventLoop.run_until_complete at 0x0000018A58929590>
           │    └ <_WindowsSelectorEventLoop running=True closed=False debug=False>
           └ <asyncio.runners.Runner object at 0x0000018A594EB0E0>
  File "C:\Python314\Lib\asyncio\base_events.py", line 706, in run_until_complete
    self.run_forever()
    │    └ <function BaseEventLoop.run_forever at 0x0000018A589294E0>
    └ <_WindowsSelectorEventLoop running=True closed=False debug=False>
  File "C:\Python314\Lib\asyncio\base_events.py", line 677, in run_forever
    self._run_once()
    │    └ <function BaseEventLoop._run_once at 0x0000018A5892B5E0>
    └ <_WindowsSelectorEventLoop running=True closed=False debug=False>
  File "C:\Python314\Lib\asyncio\base_events.py", line 2046, in _run_once
    handle._run()
    │      └ <function Handle._run at 0x0000018A5707F1C0>
    └ <Handle Task.task_wakeup()>
  File "C:\Python314\Lib\asyncio\events.py", line 94, in _run
    self._context.run(self._callback, *self._args)
    │    │            │    │           │    └ <member '_args' of 'Handle' objects>
    │    │            │    │           └ <Handle Task.task_wakeup()>
    │    │            │    └ <member '_callback' of 'Handle' objects>
    │    │            └ <Handle Task.task_wakeup()>
    │    └ <member '_context' of 'Handle' objects>
    └ <Handle Task.task_wakeup()>
  File "D:\SUNIL KUMAWAT\New_popup\venv\Lib\site-packages\uvicorn\server.py", line 78, in serve
    with self.capture_signals():
         │    └ <function Server.capture_signals at 0x0000018A59595430>
         └ <uvicorn.server.Server object at 0x0000018A594EA270>
  File "C:\Python314\Lib\contextlib.py", line 148, in __exit__
    next(self.gen)
         │    └ <generator object Server.capture_signals at 0x0000018A5960CE10>
         └ <contextlib._GeneratorContextManager object at 0x0000018A594EB620>
  File "D:\SUNIL KUMAWAT\New_popup\venv\Lib\site-packages\uvicorn\server.py", line 339, in capture_signals
    signal.raise_signal(captured_signal)
    │      │            └ 2
    │      └ <built-in function raise_signal>
    └ <module 'signal' from 'C:\\Python314\\Lib\\signal.py'>
  File "C:\Python314\Lib\asyncio\runners.py", line 166, in _on_sigint
    raise KeyboardInterrupt()

KeyboardInterrupt


During handling of the above exception, another exception occurred:


Traceback (most recent call last):

  File "<string>", line 1, in <module>
  File "C:\Python314\Lib\multiprocessing\spawn.py", line 122, in spawn_main
    exitcode = _main(fd, parent_sentinel)
               │     │   └ 284
               │     └ 3
               └ <function _main at 0x0000018A56A481A0>
  File "C:\Python314\Lib\multiprocessing\spawn.py", line 135, in _main
    return self._bootstrap(parent_sentinel)
           │    │          └ 284
           │    └ <function BaseProcess._bootstrap at 0x0000018A568CE1F0>
           └ <SpawnProcess name='SpawnProcess-2' parent=24516 started>
  File "C:\Python314\Lib\multiprocessing\process.py", line 320, in _bootstrap
    self.run()
    │    └ <function BaseProcess.run at 0x0000018A568CD590>
    └ <SpawnProcess name='SpawnProcess-2' parent=24516 started>
  File "C:\Python314\Lib\multiprocessing\process.py", line 108, in run
    self._target(*self._args, **self._kwargs)
    │    │        │    │        │    └ {'config': <uvicorn.config.Config object at 0x0000018A594EA120>, 'target': <bound method Server.run of <uvicorn.server.Server...
    │    │        │    │        └ <SpawnProcess name='SpawnProcess-2' parent=24516 started>
    │    │        │    └ ()
    │    │        └ <SpawnProcess name='SpawnProcess-2' parent=24516 started>
    │    └ <function subprocess_started at 0x0000018A59596980>
    └ <SpawnProcess name='SpawnProcess-2' parent=24516 started>
  File "D:\SUNIL KUMAWAT\New_popup\venv\Lib\site-packages\uvicorn\_subprocess.py", line 80, in subprocess_started
    target(sockets=sockets)
    │              └ [<socket.socket [closed] fd=-1, family=2, type=1, proto=6>]
    └ <bound method Server.run of <uvicorn.server.Server object at 0x0000018A594EA270>>
  File "D:\SUNIL KUMAWAT\New_popup\venv\Lib\site-packages\uvicorn\server.py", line 75, in run
    return asyncio_run(self.serve(sockets=sockets), loop_factory=self.config.get_loop_factory())
           │           │    │             │                      │    │      └ <function Config.get_loop_factory at 0x0000018A5953D2D0>
           │           │    │             │                      │    └ <uvicorn.config.Config object at 0x0000018A594EA120>
           │           │    │             │                      └ <uvicorn.server.Server object at 0x0000018A594EA270>
           │           │    │             └ [<socket.socket [closed] fd=-1, family=2, type=1, proto=6>]
           │           │    └ <function Server.serve at 0x0000018A59594880>
           │           └ <uvicorn.server.Server object at 0x0000018A594EA270>
           └ <function run at 0x0000018A58924E00>
  File "C:\Python314\Lib\asyncio\runners.py", line 203, in run
    with Runner(debug=debug, loop_factory=loop_factory) as runner:
         │            │                   │                └ <asyncio.runners.Runner object at 0x0000018A594EB0E0>
         │            │                   └ <class 'asyncio.windows_events._WindowsSelectorEventLoop'>
         │            └ None
         └ <class 'asyncio.runners.Runner'>
  File "C:\Python314\Lib\asyncio\runners.py", line 63, in __exit__
    self.close()
    │    └ <function Runner.close at 0x0000018A589250C0>
    └ <asyncio.runners.Runner object at 0x0000018A594EB0E0>
  File "C:\Python314\Lib\asyncio\runners.py", line 71, in close
    _cancel_all_tasks(loop)
    │                 └ <_WindowsSelectorEventLoop running=True closed=False debug=False>
    └ <function _cancel_all_tasks at 0x0000018A58925430>
  File "C:\Python314\Lib\asyncio\runners.py", line 215, in _cancel_all_tasks
    loop.run_until_complete(tasks.gather(*to_cancel, return_exceptions=True))
    │    │                  │     │       └ {<Task finished name='Task-2' coro=<LifespanOn.main() done, defined at D:\SUNIL KUMAWAT\New_popup\venv\Lib\site-packages\uvic...
    │    │                  │     └ <function gather at 0x0000018A5892D6F0>
    │    │                  └ <module 'asyncio.tasks' from 'C:\\Python314\\Lib\\asyncio\\tasks.py'>
    │    └ <function BaseEventLoop.run_until_complete at 0x0000018A58929590>
    └ <_WindowsSelectorEventLoop running=True closed=False debug=False>
  File "C:\Python314\Lib\asyncio\base_events.py", line 706, in run_until_complete
    self.run_forever()
    │    └ <function BaseEventLoop.run_forever at 0x0000018A589294E0>
    └ <_WindowsSelectorEventLoop running=True closed=False debug=False>
  File "C:\Python314\Lib\asyncio\base_events.py", line 677, in run_forever
    self._run_once()
    │    └ <function BaseEventLoop._run_once at 0x0000018A5892B5E0>
    └ <_WindowsSelectorEventLoop running=True closed=False debug=False>
  File "C:\Python314\Lib\asyncio\base_events.py", line 2046, in _run_once
    handle._run()
    │      └ <function Handle._run at 0x0000018A5707F1C0>
    └ <Handle Task.task_wakeup()>
  File "C:\Python314\Lib\asyncio\events.py", line 94, in _run
    self._context.run(self._callback, *self._args)
    │    │            │    │           │    └ <member '_args' of 'Handle' objects>
    │    │            │    │           └ <Handle Task.task_wakeup()>
    │    │            │    └ <member '_callback' of 'Handle' objects>
    │    │            └ <Handle Task.task_wakeup()>
    │    └ <member '_context' of 'Handle' objects>
    └ <Handle Task.task_wakeup()>
> File "D:\SUNIL KUMAWAT\New_popup\venv\Lib\site-packages\uvicorn\protocols\http\h11_impl.py", line 415, in run_asgi
    result = await app(  # type: ignore[func-returns-value]
                   └ <uvicorn.middleware.proxy_headers.ProxyHeadersMiddleware object at 0x0000018A5CB48EC0>
  File "D:\SUNIL KUMAWAT\New_popup\venv\Lib\site-packages\uvicorn\middleware\proxy_headers.py", line 62, in __call__
    return await self.app(scope, receive, send)
                 │    │   │      │        └ <bound method RequestResponseCycle.send of <uvicorn.protocols.http.h11_impl.RequestResponseCycle object at 0x0000018A5F179310>>
                 │    │   │      └ <bound method RequestResponseCycle.receive of <uvicorn.protocols.http.h11_impl.RequestResponseCycle object at 0x0000018A5F179...
                 │    │   └ {'type': 'http', 'asgi': {'version': '3.0', 'spec_version': '2.3'}, 'http_version': '1.1', 'server': ('192.168.15.52', 8000),...
                 │    └ <fastapi.applications.FastAPI object at 0x0000018A5CA3FB60>
                 └ <uvicorn.middleware.proxy_headers.ProxyHeadersMiddleware object at 0x0000018A5CB48EC0>
  File "D:\SUNIL KUMAWAT\New_popup\venv\Lib\site-packages\fastapi\applications.py", line 1159, in __call__
    await super().__call__(scope, receive, send)
                           │      │        └ <bound method RequestResponseCycle.send of <uvicorn.protocols.http.h11_impl.RequestResponseCycle object at 0x0000018A5F179310>>
                           │      └ <bound method RequestResponseCycle.receive of <uvicorn.protocols.http.h11_impl.RequestResponseCycle object at 0x0000018A5F179...
                           └ {'type': 'http', 'asgi': {'version': '3.0', 'spec_version': '2.3'}, 'http_version': '1.1', 'server': ('192.168.15.52', 8000),...
  File "D:\SUNIL KUMAWAT\New_popup\venv\Lib\site-packages\starlette\applications.py", line 90, in __call__
    await self.middleware_stack(scope, receive, send)
          │    │                │      │        └ <bound method RequestResponseCycle.send of <uvicorn.protocols.http.h11_impl.RequestResponseCycle object at 0x0000018A5F179310>>
          │    │                │      └ <bound method RequestResponseCycle.receive of <uvicorn.protocols.http.h11_impl.RequestResponseCycle object at 0x0000018A5F179...
          │    │                └ {'type': 'http', 'asgi': {'version': '3.0', 'spec_version': '2.3'}, 'http_version': '1.1', 'server': ('192.168.15.52', 8000),...
          │    └ <starlette.middleware.errors.ServerErrorMiddleware object at 0x0000018A5CB49BE0>
          └ <fastapi.applications.FastAPI object at 0x0000018A5CA3FB60>
  File "D:\SUNIL KUMAWAT\New_popup\venv\Lib\site-packages\starlette\middleware\errors.py", line 164, in __call__
    await self.app(scope, receive, _send)
          │    │   │      │        └ <function ServerErrorMiddleware.__call__.<locals>._send at 0x0000018A5D4B3D70>
          │    │   │      └ <bound method RequestResponseCycle.receive of <uvicorn.protocols.http.h11_impl.RequestResponseCycle object at 0x0000018A5F179...
          │    │   └ {'type': 'http', 'asgi': {'version': '3.0', 'spec_version': '2.3'}, 'http_version': '1.1', 'server': ('192.168.15.52', 8000),...
          │    └ <starlette.middleware.cors.CORSMiddleware object at 0x0000018A5CB49A90>
          └ <starlette.middleware.errors.ServerErrorMiddleware object at 0x0000018A5CB49BE0>
  File "D:\SUNIL KUMAWAT\New_popup\venv\Lib\site-packages\starlette\middleware\cors.py", line 88, in __call__
    await self.app(scope, receive, send)
          │    │   │      │        └ <function ServerErrorMiddleware.__call__.<locals>._send at 0x0000018A5D4B3D70>
          │    │   │      └ <bound method RequestResponseCycle.receive of <uvicorn.protocols.http.h11_impl.RequestResponseCycle object at 0x0000018A5F179...
          │    │   └ {'type': 'http', 'asgi': {'version': '3.0', 'spec_version': '2.3'}, 'http_version': '1.1', 'server': ('192.168.15.52', 8000),...
          │    └ <starlette.middleware.exceptions.ExceptionMiddleware object at 0x0000018A5CB49940>
          └ <starlette.middleware.cors.CORSMiddleware object at 0x0000018A5CB49A90>
  File "D:\SUNIL KUMAWAT\New_popup\venv\Lib\site-packages\starlette\middleware\exceptions.py", line 63, in __call__
    await wrap_app_handling_exceptions(self.app, conn)(scope, receive, send)
          │                            │    │    │     │      │        └ <function ServerErrorMiddleware.__call__.<locals>._send at 0x0000018A5D4B3D70>
          │                            │    │    │     │      └ <bound method RequestResponseCycle.receive of <uvicorn.protocols.http.h11_impl.RequestResponseCycle object at 0x0000018A5F179...
          │                            │    │    │     └ {'type': 'http', 'asgi': {'version': '3.0', 'spec_version': '2.3'}, 'http_version': '1.1', 'server': ('192.168.15.52', 8000),...
          │                            │    │    └ <starlette.requests.Request object at 0x0000018A5F17CFC0>
          │                            │    └ <fastapi.middleware.asyncexitstack.AsyncExitStackMiddleware object at 0x0000018A5CB496A0>
          │                            └ <starlette.middleware.exceptions.ExceptionMiddleware object at 0x0000018A5CB49940>
          └ <function wrap_app_handling_exceptions at 0x0000018A59F43A00>
  File "D:\SUNIL KUMAWAT\New_popup\venv\Lib\site-packages\starlette\_exception_handler.py", line 42, in wrapped_app
    await app(scope, receive, sender)
          │   │      │        └ <function wrap_app_handling_exceptions.<locals>.wrapped_app.<locals>.sender at 0x0000018A5D4F5BC0>
          │   │      └ <bound method RequestResponseCycle.receive of <uvicorn.protocols.http.h11_impl.RequestResponseCycle object at 0x0000018A5F179...
          │   └ {'type': 'http', 'asgi': {'version': '3.0', 'spec_version': '2.3'}, 'http_version': '1.1', 'server': ('192.168.15.52', 8000),...
          └ <fastapi.middleware.asyncexitstack.AsyncExitStackMiddleware object at 0x0000018A5CB496A0>
  File "D:\SUNIL KUMAWAT\New_popup\venv\Lib\site-packages\fastapi\middleware\asyncexitstack.py", line 18, in __call__
    await self.app(scope, receive, send)
          │    │   │      │        └ <function wrap_app_handling_exceptions.<locals>.wrapped_app.<locals>.sender at 0x0000018A5D4F5BC0>
          │    │   │      └ <bound method RequestResponseCycle.receive of <uvicorn.protocols.http.h11_impl.RequestResponseCycle object at 0x0000018A5F179...
          │    │   └ {'type': 'http', 'asgi': {'version': '3.0', 'spec_version': '2.3'}, 'http_version': '1.1', 'server': ('192.168.15.52', 8000),...
          │    └ <fastapi.routing.APIRouter object at 0x0000018A5CB1A0D0>
          └ <fastapi.middleware.asyncexitstack.AsyncExitStackMiddleware object at 0x0000018A5CB496A0>
  File "D:\SUNIL KUMAWAT\New_popup\venv\Lib\site-packages\starlette\routing.py", line 660, in __call__
    await self.middleware_stack(scope, receive, send)
          │    │                │      │        └ <function wrap_app_handling_exceptions.<locals>.wrapped_app.<locals>.sender at 0x0000018A5D4F5BC0>
          │    │                │      └ <bound method RequestResponseCycle.receive of <uvicorn.protocols.http.h11_impl.RequestResponseCycle object at 0x0000018A5F179...
          │    │                └ {'type': 'http', 'asgi': {'version': '3.0', 'spec_version': '2.3'}, 'http_version': '1.1', 'server': ('192.168.15.52', 8000),...
          │    └ <bound method Router.app of <fastapi.routing.APIRouter object at 0x0000018A5CB1A0D0>>
          └ <fastapi.routing.APIRouter object at 0x0000018A5CB1A0D0>
  File "D:\SUNIL KUMAWAT\New_popup\venv\Lib\site-packages\starlette\routing.py", line 680, in app
    await route.handle(scope, receive, send)
          │     │      │      │        └ <function wrap_app_handling_exceptions.<locals>.wrapped_app.<locals>.sender at 0x0000018A5D4F5BC0>
          │     │      │      └ <bound method RequestResponseCycle.receive of <uvicorn.protocols.http.h11_impl.RequestResponseCycle object at 0x0000018A5F179...
          │     │      └ {'type': 'http', 'asgi': {'version': '3.0', 'spec_version': '2.3'}, 'http_version': '1.1', 'server': ('192.168.15.52', 8000),...
          │     └ <function Route.handle at 0x0000018A59F664B0>
          └ APIRoute(path='/api/audio/{filename}', name='get_audio', methods=['GET'])
  File "D:\SUNIL KUMAWAT\New_popup\venv\Lib\site-packages\starlette\routing.py", line 276, in handle
    await self.app(scope, receive, send)
          │    │   │      │        └ <function wrap_app_handling_exceptions.<locals>.wrapped_app.<locals>.sender at 0x0000018A5D4F5BC0>
          │    │   │      └ <bound method RequestResponseCycle.receive of <uvicorn.protocols.http.h11_impl.RequestResponseCycle object at 0x0000018A5F179...
          │    │   └ {'type': 'http', 'asgi': {'version': '3.0', 'spec_version': '2.3'}, 'http_version': '1.1', 'server': ('192.168.15.52', 8000),...
          │    └ <function request_response.<locals>.app at 0x0000018A5CB2B480>
          └ APIRoute(path='/api/audio/{filename}', name='get_audio', methods=['GET'])
  File "D:\SUNIL KUMAWAT\New_popup\venv\Lib\site-packages\fastapi\routing.py", line 134, in app
    await wrap_app_handling_exceptions(app, request)(scope, receive, send)
          │                            │    │        │      │        └ <function wrap_app_handling_exceptions.<locals>.wrapped_app.<locals>.sender at 0x0000018A5D4F5BC0>
          │                            │    │        │      └ <bound method RequestResponseCycle.receive of <uvicorn.protocols.http.h11_impl.RequestResponseCycle object at 0x0000018A5F179...
          │                            │    │        └ {'type': 'http', 'asgi': {'version': '3.0', 'spec_version': '2.3'}, 'http_version': '1.1', 'server': ('192.168.15.52', 8000),...
          │                            │    └ <starlette.requests.Request object at 0x0000018A5F0E56D0>
          │                            └ <function request_response.<locals>.app.<locals>.app at 0x0000018A5F11F7F0>
          └ <function wrap_app_handling_exceptions at 0x0000018A59F43A00>
  File "D:\SUNIL KUMAWAT\New_popup\venv\Lib\site-packages\starlette\_exception_handler.py", line 42, in wrapped_app
    await app(scope, receive, sender)
          │   │      │        └ <function wrap_app_handling_exceptions.<locals>.wrapped_app.<locals>.sender at 0x0000018A5F11F5E0>
          │   │      └ <bound method RequestResponseCycle.receive of <uvicorn.protocols.http.h11_impl.RequestResponseCycle object at 0x0000018A5F179...
          │   └ {'type': 'http', 'asgi': {'version': '3.0', 'spec_version': '2.3'}, 'http_version': '1.1', 'server': ('192.168.15.52', 8000),...
          └ <function request_response.<locals>.app.<locals>.app at 0x0000018A5F11F7F0>
  File "D:\SUNIL KUMAWAT\New_popup\venv\Lib\site-packages\fastapi\routing.py", line 121, in app
    await response(scope, receive, send)
          │        │      │        └ <function wrap_app_handling_exceptions.<locals>.wrapped_app.<locals>.sender at 0x0000018A5F11F5E0>
          │        │      └ <bound method RequestResponseCycle.receive of <uvicorn.protocols.http.h11_impl.RequestResponseCycle object at 0x0000018A5F179...
          │        └ {'type': 'http', 'asgi': {'version': '3.0', 'spec_version': '2.3'}, 'http_version': '1.1', 'server': ('192.168.15.52', 8000),...
          └ <starlette.responses.FileResponse object at 0x0000018A5D489A90>
  File "D:\SUNIL KUMAWAT\New_popup\venv\Lib\site-packages\starlette\responses.py", line 383, in __call__
    await self.background()
          │    └ <fastapi.background.BackgroundTasks object at 0x0000018A5D489E80>
          └ <starlette.responses.FileResponse object at 0x0000018A5D489A90>
  File "D:\SUNIL KUMAWAT\New_popup\venv\Lib\site-packages\starlette\background.py", line 36, in __call__
    await task()
          └ <starlette.background.BackgroundTask object at 0x0000018A5D489940>
  File "D:\SUNIL KUMAWAT\New_popup\venv\Lib\site-packages\starlette\background.py", line 21, in __call__
    await self.func(*self.args, **self.kwargs)
          │    │     │    │       │    └ {}
          │    │     │    │       └ <starlette.background.BackgroundTask object at 0x0000018A5D489940>
          │    │     │    └ ('static\\audio\\tts_98e9aee27deb4ce6bd7b7a36e18f792a.mp3', 300)
          │    │     └ <starlette.background.BackgroundTask object at 0x0000018A5D489940>
          │    └ <function delayed_delete at 0x0000018A5C368B40>
          └ <starlette.background.BackgroundTask object at 0x0000018A5D489940>

  File "D:\SUNIL KUMAWAT\New_popup\services\tts_service.py", line 48, in delayed_delete
    await asyncio.sleep(delay_seconds)
          │       │     └ 300
          │       └ <function sleep at 0x0000018A5892D590>
          └ <module 'asyncio' from 'C:\\Python314\\Lib\\asyncio\\__init__.py'>

  File "C:\Python314\Lib\asyncio\tasks.py", line 702, in sleep
    return await future
                 └ <Future cancelled>

asyncio.exceptions.CancelledError
2026-06-15 14:34:02.901 | ERROR    | logging:callHandlers:1737 - Exception in ASGI application

Traceback (most recent call last):

  File "C:\Python314\Lib\asyncio\runners.py", line 204, in run
    return runner.run(main)
           │      │   └ <coroutine object Server.serve at 0x0000018A595D0400>
           │      └ <function Runner.run at 0x0000018A58925220>
           └ <asyncio.runners.Runner object at 0x0000018A594EB0E0>
  File "C:\Python314\Lib\asyncio\runners.py", line 127, in run
    return self._loop.run_until_complete(task)
           │    │     │                  └ <Task finished name='Task-1' coro=<Server.serve() done, defined at D:\SUNIL KUMAWAT\New_popup\venv\Lib\site-packages\uvicorn\...
           │    │     └ <function BaseEventLoop.run_until_complete at 0x0000018A58929590>
           │    └ <_WindowsSelectorEventLoop running=True closed=False debug=False>
           └ <asyncio.runners.Runner object at 0x0000018A594EB0E0>
  File "C:\Python314\Lib\asyncio\base_events.py", line 706, in run_until_complete
    self.run_forever()
    │    └ <function BaseEventLoop.run_forever at 0x0000018A589294E0>
    └ <_WindowsSelectorEventLoop running=True closed=False debug=False>
  File "C:\Python314\Lib\asyncio\base_events.py", line 677, in run_forever
    self._run_once()
    │    └ <function BaseEventLoop._run_once at 0x0000018A5892B5E0>
    └ <_WindowsSelectorEventLoop running=True closed=False debug=False>
  File "C:\Python314\Lib\asyncio\base_events.py", line 2046, in _run_once
    handle._run()
    │      └ <function Handle._run at 0x0000018A5707F1C0>
    └ <Handle Task.task_wakeup()>
  File "C:\Python314\Lib\asyncio\events.py", line 94, in _run
    self._context.run(self._callback, *self._args)
    │    │            │    │           │    └ <member '_args' of 'Handle' objects>
    │    │            │    │           └ <Handle Task.task_wakeup()>
    │    │            │    └ <member '_callback' of 'Handle' objects>
    │    │            └ <Handle Task.task_wakeup()>
    │    └ <member '_context' of 'Handle' objects>
    └ <Handle Task.task_wakeup()>
  File "D:\SUNIL KUMAWAT\New_popup\venv\Lib\site-packages\uvicorn\server.py", line 78, in serve
    with self.capture_signals():
         │    └ <function Server.capture_signals at 0x0000018A59595430>
         └ <uvicorn.server.Server object at 0x0000018A594EA270>
  File "C:\Python314\Lib\contextlib.py", line 148, in __exit__
    next(self.gen)
         │    └ <generator object Server.capture_signals at 0x0000018A5960CE10>
         └ <contextlib._GeneratorContextManager object at 0x0000018A594EB620>
  File "D:\SUNIL KUMAWAT\New_popup\venv\Lib\site-packages\uvicorn\server.py", line 339, in capture_signals
    signal.raise_signal(captured_signal)
    │      │            └ 2
    │      └ <built-in function raise_signal>
    └ <module 'signal' from 'C:\\Python314\\Lib\\signal.py'>
  File "C:\Python314\Lib\asyncio\runners.py", line 166, in _on_sigint
    raise KeyboardInterrupt()

KeyboardInterrupt


During handling of the above exception, another exception occurred:


Traceback (most recent call last):

  File "<string>", line 1, in <module>
  File "C:\Python314\Lib\multiprocessing\spawn.py", line 122, in spawn_main
    exitcode = _main(fd, parent_sentinel)
               │     │   └ 284
               │     └ 3
               └ <function _main at 0x0000018A56A481A0>
  File "C:\Python314\Lib\multiprocessing\spawn.py", line 135, in _main
    return self._bootstrap(parent_sentinel)
           │    │          └ 284
           │    └ <function BaseProcess._bootstrap at 0x0000018A568CE1F0>
           └ <SpawnProcess name='SpawnProcess-2' parent=24516 started>
  File "C:\Python314\Lib\multiprocessing\process.py", line 320, in _bootstrap
    self.run()
    │    └ <function BaseProcess.run at 0x0000018A568CD590>
    └ <SpawnProcess name='SpawnProcess-2' parent=24516 started>
  File "C:\Python314\Lib\multiprocessing\process.py", line 108, in run
    self._target(*self._args, **self._kwargs)
    │    │        │    │        │    └ {'config': <uvicorn.config.Config object at 0x0000018A594EA120>, 'target': <bound method Server.run of <uvicorn.server.Server...
    │    │        │    │        └ <SpawnProcess name='SpawnProcess-2' parent=24516 started>
    │    │        │    └ ()
    │    │        └ <SpawnProcess name='SpawnProcess-2' parent=24516 started>
    │    └ <function subprocess_started at 0x0000018A59596980>
    └ <SpawnProcess name='SpawnProcess-2' parent=24516 started>
  File "D:\SUNIL KUMAWAT\New_popup\venv\Lib\site-packages\uvicorn\_subprocess.py", line 80, in subprocess_started
    target(sockets=sockets)
    │              └ [<socket.socket [closed] fd=-1, family=2, type=1, proto=6>]
    └ <bound method Server.run of <uvicorn.server.Server object at 0x0000018A594EA270>>
  File "D:\SUNIL KUMAWAT\New_popup\venv\Lib\site-packages\uvicorn\server.py", line 75, in run
    return asyncio_run(self.serve(sockets=sockets), loop_factory=self.config.get_loop_factory())
           │           │    │             │                      │    │      └ <function Config.get_loop_factory at 0x0000018A5953D2D0>
           │           │    │             │                      │    └ <uvicorn.config.Config object at 0x0000018A594EA120>
           │           │    │             │                      └ <uvicorn.server.Server object at 0x0000018A594EA270>
           │           │    │             └ [<socket.socket [closed] fd=-1, family=2, type=1, proto=6>]
           │           │    └ <function Server.serve at 0x0000018A59594880>
           │           └ <uvicorn.server.Server object at 0x0000018A594EA270>
           └ <function run at 0x0000018A58924E00>
  File "C:\Python314\Lib\asyncio\runners.py", line 203, in run
    with Runner(debug=debug, loop_factory=loop_factory) as runner:
         │            │                   │                └ <asyncio.runners.Runner object at 0x0000018A594EB0E0>
         │            │                   └ <class 'asyncio.windows_events._WindowsSelectorEventLoop'>
         │            └ None
         └ <class 'asyncio.runners.Runner'>
  File "C:\Python314\Lib\asyncio\runners.py", line 63, in __exit__
    self.close()
    │    └ <function Runner.close at 0x0000018A589250C0>
    └ <asyncio.runners.Runner object at 0x0000018A594EB0E0>
  File "C:\Python314\Lib\asyncio\runners.py", line 71, in close
    _cancel_all_tasks(loop)
    │                 └ <_WindowsSelectorEventLoop running=True closed=False debug=False>
    └ <function _cancel_all_tasks at 0x0000018A58925430>
  File "C:\Python314\Lib\asyncio\runners.py", line 215, in _cancel_all_tasks
    loop.run_until_complete(tasks.gather(*to_cancel, return_exceptions=True))
    │    │                  │     │       └ {<Task finished name='Task-2' coro=<LifespanOn.main() done, defined at D:\SUNIL KUMAWAT\New_popup\venv\Lib\site-packages\uvic...
    │    │                  │     └ <function gather at 0x0000018A5892D6F0>
    │    │                  └ <module 'asyncio.tasks' from 'C:\\Python314\\Lib\\asyncio\\tasks.py'>
    │    └ <function BaseEventLoop.run_until_complete at 0x0000018A58929590>
    └ <_WindowsSelectorEventLoop running=True closed=False debug=False>
  File "C:\Python314\Lib\asyncio\base_events.py", line 706, in run_until_complete
    self.run_forever()
    │    └ <function BaseEventLoop.run_forever at 0x0000018A589294E0>
    └ <_WindowsSelectorEventLoop running=True closed=False debug=False>
  File "C:\Python314\Lib\asyncio\base_events.py", line 677, in run_forever
    self._run_once()
    │    └ <function BaseEventLoop._run_once at 0x0000018A5892B5E0>
    └ <_WindowsSelectorEventLoop running=True closed=False debug=False>
  File "C:\Python314\Lib\asyncio\base_events.py", line 2046, in _run_once
    handle._run()
    │      └ <function Handle._run at 0x0000018A5707F1C0>
    └ <Handle Task.task_wakeup()>
  File "C:\Python314\Lib\asyncio\events.py", line 94, in _run
    self._context.run(self._callback, *self._args)
    │    │            │    │           │    └ <member '_args' of 'Handle' objects>
    │    │            │    │           └ <Handle Task.task_wakeup()>
    │    │            │    └ <member '_callback' of 'Handle' objects>
    │    │            └ <Handle Task.task_wakeup()>
    │    └ <member '_context' of 'Handle' objects>
    └ <Handle Task.task_wakeup()>
> File "D:\SUNIL KUMAWAT\New_popup\venv\Lib\site-packages\uvicorn\protocols\http\h11_impl.py", line 415, in run_asgi
    result = await app(  # type: ignore[func-returns-value]
                   └ <uvicorn.middleware.proxy_headers.ProxyHeadersMiddleware object at 0x0000018A5CB48EC0>
  File "D:\SUNIL KUMAWAT\New_popup\venv\Lib\site-packages\uvicorn\middleware\proxy_headers.py", line 62, in __call__
    return await self.app(scope, receive, send)
                 │    │   │      │        └ <bound method RequestResponseCycle.send of <uvicorn.protocols.http.h11_impl.RequestResponseCycle object at 0x0000018A5F17DF30>>
                 │    │   │      └ <bound method RequestResponseCycle.receive of <uvicorn.protocols.http.h11_impl.RequestResponseCycle object at 0x0000018A5F17D...
                 │    │   └ {'type': 'http', 'asgi': {'version': '3.0', 'spec_version': '2.3'}, 'http_version': '1.1', 'server': ('192.168.15.52', 8000),...
                 │    └ <fastapi.applications.FastAPI object at 0x0000018A5CA3FB60>
                 └ <uvicorn.middleware.proxy_headers.ProxyHeadersMiddleware object at 0x0000018A5CB48EC0>
  File "D:\SUNIL KUMAWAT\New_popup\venv\Lib\site-packages\fastapi\applications.py", line 1159, in __call__
    await super().__call__(scope, receive, send)
                           │      │        └ <bound method RequestResponseCycle.send of <uvicorn.protocols.http.h11_impl.RequestResponseCycle object at 0x0000018A5F17DF30>>
                           │      └ <bound method RequestResponseCycle.receive of <uvicorn.protocols.http.h11_impl.RequestResponseCycle object at 0x0000018A5F17D...
                           └ {'type': 'http', 'asgi': {'version': '3.0', 'spec_version': '2.3'}, 'http_version': '1.1', 'server': ('192.168.15.52', 8000),...
  File "D:\SUNIL KUMAWAT\New_popup\venv\Lib\site-packages\starlette\applications.py", line 90, in __call__
    await self.middleware_stack(scope, receive, send)
          │    │                │      │        └ <bound method RequestResponseCycle.send of <uvicorn.protocols.http.h11_impl.RequestResponseCycle object at 0x0000018A5F17DF30>>
          │    │                │      └ <bound method RequestResponseCycle.receive of <uvicorn.protocols.http.h11_impl.RequestResponseCycle object at 0x0000018A5F17D...
          │    │                └ {'type': 'http', 'asgi': {'version': '3.0', 'spec_version': '2.3'}, 'http_version': '1.1', 'server': ('192.168.15.52', 8000),...
          │    └ <starlette.middleware.errors.ServerErrorMiddleware object at 0x0000018A5CB49BE0>
          └ <fastapi.applications.FastAPI object at 0x0000018A5CA3FB60>
  File "D:\SUNIL KUMAWAT\New_popup\venv\Lib\site-packages\starlette\middleware\errors.py", line 164, in __call__
    await self.app(scope, receive, _send)
          │    │   │      │        └ <function ServerErrorMiddleware.__call__.<locals>._send at 0x0000018A5D4B1430>
          │    │   │      └ <bound method RequestResponseCycle.receive of <uvicorn.protocols.http.h11_impl.RequestResponseCycle object at 0x0000018A5F17D...
          │    │   └ {'type': 'http', 'asgi': {'version': '3.0', 'spec_version': '2.3'}, 'http_version': '1.1', 'server': ('192.168.15.52', 8000),...
          │    └ <starlette.middleware.cors.CORSMiddleware object at 0x0000018A5CB49A90>
          └ <starlette.middleware.errors.ServerErrorMiddleware object at 0x0000018A5CB49BE0>
  File "D:\SUNIL KUMAWAT\New_popup\venv\Lib\site-packages\starlette\middleware\cors.py", line 88, in __call__
    await self.app(scope, receive, send)
          │    │   │      │        └ <function ServerErrorMiddleware.__call__.<locals>._send at 0x0000018A5D4B1430>
          │    │   │      └ <bound method RequestResponseCycle.receive of <uvicorn.protocols.http.h11_impl.RequestResponseCycle object at 0x0000018A5F17D...
          │    │   └ {'type': 'http', 'asgi': {'version': '3.0', 'spec_version': '2.3'}, 'http_version': '1.1', 'server': ('192.168.15.52', 8000),...
          │    └ <starlette.middleware.exceptions.ExceptionMiddleware object at 0x0000018A5CB49940>
          └ <starlette.middleware.cors.CORSMiddleware object at 0x0000018A5CB49A90>
  File "D:\SUNIL KUMAWAT\New_popup\venv\Lib\site-packages\starlette\middleware\exceptions.py", line 63, in __call__
    await wrap_app_handling_exceptions(self.app, conn)(scope, receive, send)
          │                            │    │    │     │      │        └ <function ServerErrorMiddleware.__call__.<locals>._send at 0x0000018A5D4B1430>
          │                            │    │    │     │      └ <bound method RequestResponseCycle.receive of <uvicorn.protocols.http.h11_impl.RequestResponseCycle object at 0x0000018A5F17D...
          │                            │    │    │     └ {'type': 'http', 'asgi': {'version': '3.0', 'spec_version': '2.3'}, 'http_version': '1.1', 'server': ('192.168.15.52', 8000),...
          │                            │    │    └ <starlette.requests.Request object at 0x0000018A5F137020>
          │                            │    └ <fastapi.middleware.asyncexitstack.AsyncExitStackMiddleware object at 0x0000018A5CB496A0>
          │                            └ <starlette.middleware.exceptions.ExceptionMiddleware object at 0x0000018A5CB49940>
          └ <function wrap_app_handling_exceptions at 0x0000018A59F43A00>
  File "D:\SUNIL KUMAWAT\New_popup\venv\Lib\site-packages\starlette\_exception_handler.py", line 42, in wrapped_app
    await app(scope, receive, sender)
          │   │      │        └ <function wrap_app_handling_exceptions.<locals>.wrapped_app.<locals>.sender at 0x0000018A5F1FEF00>
          │   │      └ <bound method RequestResponseCycle.receive of <uvicorn.protocols.http.h11_impl.RequestResponseCycle object at 0x0000018A5F17D...
          │   └ {'type': 'http', 'asgi': {'version': '3.0', 'spec_version': '2.3'}, 'http_version': '1.1', 'server': ('192.168.15.52', 8000),...
          └ <fastapi.middleware.asyncexitstack.AsyncExitStackMiddleware object at 0x0000018A5CB496A0>
  File "D:\SUNIL KUMAWAT\New_popup\venv\Lib\site-packages\fastapi\middleware\asyncexitstack.py", line 18, in __call__
    await self.app(scope, receive, send)
          │    │   │      │        └ <function wrap_app_handling_exceptions.<locals>.wrapped_app.<locals>.sender at 0x0000018A5F1FEF00>
          │    │   │      └ <bound method RequestResponseCycle.receive of <uvicorn.protocols.http.h11_impl.RequestResponseCycle object at 0x0000018A5F17D...
          │    │   └ {'type': 'http', 'asgi': {'version': '3.0', 'spec_version': '2.3'}, 'http_version': '1.1', 'server': ('192.168.15.52', 8000),...
          │    └ <fastapi.routing.APIRouter object at 0x0000018A5CB1A0D0>
          └ <fastapi.middleware.asyncexitstack.AsyncExitStackMiddleware object at 0x0000018A5CB496A0>
  File "D:\SUNIL KUMAWAT\New_popup\venv\Lib\site-packages\starlette\routing.py", line 660, in __call__
    await self.middleware_stack(scope, receive, send)
          │    │                │      │        └ <function wrap_app_handling_exceptions.<locals>.wrapped_app.<locals>.sender at 0x0000018A5F1FEF00>
          │    │                │      └ <bound method RequestResponseCycle.receive of <uvicorn.protocols.http.h11_impl.RequestResponseCycle object at 0x0000018A5F17D...
          │    │                └ {'type': 'http', 'asgi': {'version': '3.0', 'spec_version': '2.3'}, 'http_version': '1.1', 'server': ('192.168.15.52', 8000),...
          │    └ <bound method Router.app of <fastapi.routing.APIRouter object at 0x0000018A5CB1A0D0>>
          └ <fastapi.routing.APIRouter object at 0x0000018A5CB1A0D0>
  File "D:\SUNIL KUMAWAT\New_popup\venv\Lib\site-packages\starlette\routing.py", line 680, in app
    await route.handle(scope, receive, send)
          │     │      │      │        └ <function wrap_app_handling_exceptions.<locals>.wrapped_app.<locals>.sender at 0x0000018A5F1FEF00>
          │     │      │      └ <bound method RequestResponseCycle.receive of <uvicorn.protocols.http.h11_impl.RequestResponseCycle object at 0x0000018A5F17D...
          │     │      └ {'type': 'http', 'asgi': {'version': '3.0', 'spec_version': '2.3'}, 'http_version': '1.1', 'server': ('192.168.15.52', 8000),...
          │     └ <function Route.handle at 0x0000018A59F664B0>
          └ APIRoute(path='/api/audio/{filename}', name='get_audio', methods=['GET'])
  File "D:\SUNIL KUMAWAT\New_popup\venv\Lib\site-packages\starlette\routing.py", line 276, in handle
    await self.app(scope, receive, send)
          │    │   │      │        └ <function wrap_app_handling_exceptions.<locals>.wrapped_app.<locals>.sender at 0x0000018A5F1FEF00>
          │    │   │      └ <bound method RequestResponseCycle.receive of <uvicorn.protocols.http.h11_impl.RequestResponseCycle object at 0x0000018A5F17D...
          │    │   └ {'type': 'http', 'asgi': {'version': '3.0', 'spec_version': '2.3'}, 'http_version': '1.1', 'server': ('192.168.15.52', 8000),...
          │    └ <function request_response.<locals>.app at 0x0000018A5CB2B480>
          └ APIRoute(path='/api/audio/{filename}', name='get_audio', methods=['GET'])
  File "D:\SUNIL KUMAWAT\New_popup\venv\Lib\site-packages\fastapi\routing.py", line 134, in app
    await wrap_app_handling_exceptions(app, request)(scope, receive, send)
          │                            │    │        │      │        └ <function wrap_app_handling_exceptions.<locals>.wrapped_app.<locals>.sender at 0x0000018A5F1FEF00>
          │                            │    │        │      └ <bound method RequestResponseCycle.receive of <uvicorn.protocols.http.h11_impl.RequestResponseCycle object at 0x0000018A5F17D...
          │                            │    │        └ {'type': 'http', 'asgi': {'version': '3.0', 'spec_version': '2.3'}, 'http_version': '1.1', 'server': ('192.168.15.52', 8000),...
          │                            │    └ <starlette.requests.Request object at 0x0000018A5F136E00>
          │                            └ <function request_response.<locals>.app.<locals>.app at 0x0000018A5F1FF060>
          └ <function wrap_app_handling_exceptions at 0x0000018A59F43A00>
  File "D:\SUNIL KUMAWAT\New_popup\venv\Lib\site-packages\starlette\_exception_handler.py", line 42, in wrapped_app
    await app(scope, receive, sender)
          │   │      │        └ <function wrap_app_handling_exceptions.<locals>.wrapped_app.<locals>.sender at 0x0000018A5F1FF320>
          │   │      └ <bound method RequestResponseCycle.receive of <uvicorn.protocols.http.h11_impl.RequestResponseCycle object at 0x0000018A5F17D...
          │   └ {'type': 'http', 'asgi': {'version': '3.0', 'spec_version': '2.3'}, 'http_version': '1.1', 'server': ('192.168.15.52', 8000),...
          └ <function request_response.<locals>.app.<locals>.app at 0x0000018A5F1FF060>
  File "D:\SUNIL KUMAWAT\New_popup\venv\Lib\site-packages\fastapi\routing.py", line 121, in app
    await response(scope, receive, send)
          │        │      │        └ <function wrap_app_handling_exceptions.<locals>.wrapped_app.<locals>.sender at 0x0000018A5F1FF320>
          │        │      └ <bound method RequestResponseCycle.receive of <uvicorn.protocols.http.h11_impl.RequestResponseCycle object at 0x0000018A5F17D...
          │        └ {'type': 'http', 'asgi': {'version': '3.0', 'spec_version': '2.3'}, 'http_version': '1.1', 'server': ('192.168.15.52', 8000),...
          └ <starlette.responses.FileResponse object at 0x0000018A5F17B390>
  File "D:\SUNIL KUMAWAT\New_popup\venv\Lib\site-packages\starlette\responses.py", line 383, in __call__
    await self.background()
          │    └ <fastapi.background.BackgroundTasks object at 0x0000018A5F17B110>
          └ <starlette.responses.FileResponse object at 0x0000018A5F17B390>
  File "D:\SUNIL KUMAWAT\New_popup\venv\Lib\site-packages\starlette\background.py", line 36, in __call__
    await task()
          └ <starlette.background.BackgroundTask object at 0x0000018A5F17B250>
  File "D:\SUNIL KUMAWAT\New_popup\venv\Lib\site-packages\starlette\background.py", line 21, in __call__
    await self.func(*self.args, **self.kwargs)
          │    │     │    │       │    └ {}
          │    │     │    │       └ <starlette.background.BackgroundTask object at 0x0000018A5F17B250>
          │    │     │    └ ('static\\audio\\tts_3c6c4132c7644f509d41e72cffef55b9.mp3', 300)
          │    │     └ <starlette.background.BackgroundTask object at 0x0000018A5F17B250>
          │    └ <function delayed_delete at 0x0000018A5C368B40>
          └ <starlette.background.BackgroundTask object at 0x0000018A5F17B250>

  File "D:\SUNIL KUMAWAT\New_popup\services\tts_service.py", line 48, in delayed_delete
    await asyncio.sleep(delay_seconds)
          │       │     └ 300
          │       └ <function sleep at 0x0000018A5892D590>
          └ <module 'asyncio' from 'C:\\Python314\\Lib\\asyncio\\__init__.py'>

  File "C:\Python314\Lib\asyncio\tasks.py", line 702, in sleep
    return await future
                 └ <Future cancelled>

asyncio.exceptions.CancelledError
2026-06-15 14:34:05.447 | INFO     | logging:callHandlers:1737 - Started server process [23928]
2026-06-15 14:34:05.448 | INFO     | logging:callHandlers:1737 - Waiting for application startup.
2026-06-15 14:34:05.449 | INFO     | main:startup:62 - 🚀 SurveyCXM Popup API starting up...
2026-06-15 14:34:06.175 | INFO     | main:startup:65 - ✅ Database pre-warmed successfully
2026-06-15 14:34:06.176 | INFO     | main:startup:70 - 🌐 API is available at: http://127.0.0.1:8000/
2026-06-15 14:34:06.176 | INFO     | logging:callHandlers:1737 - Application startup complete.
2026-06-15 14:34:11.096 | INFO     | logging:callHandlers:1737 - Shutting down
2026-06-15 14:34:11.205 | INFO     | logging:callHandlers:1737 - Waiting for application shutdown.
2026-06-15 14:34:11.206 | INFO     | logging:callHandlers:1737 - Application shutdown complete.
2026-06-15 14:34:11.207 | INFO     | logging:callHandlers:1737 - Finished server process [23928]
2026-06-15 14:34:11.395 | INFO     | logging:callHandlers:1737 - Stopping reloader process [24516]
2026-06-15 14:34:18.181 | INFO     | logging:callHandlers:1737 - Uvicorn running on http://0.0.0.0:8000 (Press CTRL+C to quit)
2026-06-15 14:34:18.182 | INFO     | logging:callHandlers:1737 - Started reloader process [5588] using StatReload
2026-06-15 14:34:19.997 | INFO     | logging:callHandlers:1737 - Started server process [15796]
2026-06-15 14:34:19.998 | INFO     | logging:callHandlers:1737 - Waiting for application startup.
2026-06-15 14:34:19.999 | INFO     | main:startup:62 - 🚀 SurveyCXM Popup API starting up...
2026-06-15 14:34:20.652 | INFO     | main:startup:65 - ✅ Database pre-warmed successfully
2026-06-15 14:34:20.654 | INFO     | main:startup:70 - 🌐 API is available at: http://127.0.0.1:8000/
2026-06-15 14:34:20.655 | INFO     | logging:callHandlers:1737 - Application startup complete.
2026-06-15 14:35:09.761 | INFO     | logging:callHandlers:1737 - 192.168.15.59:56141 - "POST /api/login-popup-summary HTTP/1.1" 200
2026-06-15 14:35:09.800 | INFO     | logging:callHandlers:1737 - 192.168.15.59:58375 - "GET /api/audio/tts_4ec48301033b445fb1039bfd8ef7566a.mp3 HTTP/1.1" 200
2026-06-15 14:35:10.106 | INFO     | logging:callHandlers:1737 - 192.168.15.59:58376 - "GET /api/audio/tts_047d7b27a0e140bf99018ee907809c41.mp3 HTTP/1.1" 200
2026-06-15 14:36:48.355 | WARNING  | logging:callHandlers:1737 - StatReload detected changes in 'services\ai_service.py'. Reloading...
2026-06-15 14:36:48.378 | INFO     | logging:callHandlers:1737 - Shutting down
2026-06-15 14:36:48.484 | INFO     | logging:callHandlers:1737 - Waiting for background tasks to complete. (CTRL+C to force quit)
2026-06-15 14:37:22.944 | INFO     | logging:callHandlers:1737 - Finished server process [15796]
2026-06-15 14:37:22.954 | ERROR    | logging:callHandlers:1737 - Traceback (most recent call last):
  File "C:\Python314\Lib\asyncio\runners.py", line 204, in run
    return runner.run(main)
           ~~~~~~~~~~^^^^^^
  File "C:\Python314\Lib\asyncio\runners.py", line 127, in run
    return self._loop.run_until_complete(task)
           ~~~~~~~~~~~~~~~~~~~~~~~~~~~~~^^^^^^
  File "C:\Python314\Lib\asyncio\base_events.py", line 706, in run_until_complete
    self.run_forever()
    ~~~~~~~~~~~~~~~~^^
  File "C:\Python314\Lib\asyncio\base_events.py", line 677, in run_forever
    self._run_once()
    ~~~~~~~~~~~~~~^^
  File "C:\Python314\Lib\asyncio\base_events.py", line 2046, in _run_once
    handle._run()
    ~~~~~~~~~~~^^
  File "C:\Python314\Lib\asyncio\events.py", line 94, in _run
    self._context.run(self._callback, *self._args)
    ~~~~~~~~~~~~~~~~~^^^^^^^^^^^^^^^^^^^^^^^^^^^^^
  File "D:\SUNIL KUMAWAT\New_popup\venv\Lib\site-packages\uvicorn\server.py", line 78, in serve
    with self.capture_signals():
         ~~~~~~~~~~~~~~~~~~~~^^
  File "C:\Python314\Lib\contextlib.py", line 148, in __exit__
    next(self.gen)
    ~~~~^^^^^^^^^^
  File "D:\SUNIL KUMAWAT\New_popup\venv\Lib\site-packages\uvicorn\server.py", line 339, in capture_signals
    signal.raise_signal(captured_signal)
    ~~~~~~~~~~~~~~~~~~~^^^^^^^^^^^^^^^^^
  File "C:\Python314\Lib\asyncio\runners.py", line 166, in _on_sigint
    raise KeyboardInterrupt()
KeyboardInterrupt

During handling of the above exception, another exception occurred:

Traceback (most recent call last):
  File "D:\SUNIL KUMAWAT\New_popup\venv\Lib\site-packages\starlette\routing.py", line 645, in lifespan
    await receive()
  File "D:\SUNIL KUMAWAT\New_popup\venv\Lib\site-packages\uvicorn\lifespan\on.py", line 137, in receive
    return await self.receive_queue.get()
           ^^^^^^^^^^^^^^^^^^^^^^^^^^^^^^
  File "C:\Python314\Lib\asyncio\queues.py", line 186, in get
    await getter
asyncio.exceptions.CancelledError

2026-06-15 14:37:22.956 | ERROR    | logging:callHandlers:1737 - Exception in ASGI application

Traceback (most recent call last):

  File "C:\Python314\Lib\asyncio\runners.py", line 204, in run
    return runner.run(main)
           │      │   └ <coroutine object Server.serve at 0x0000011D07200400>
           │      └ <function Runner.run at 0x0000011D06555220>
           └ <asyncio.runners.Runner object at 0x0000011D0711B0E0>
  File "C:\Python314\Lib\asyncio\runners.py", line 127, in run
    return self._loop.run_until_complete(task)
           │    │     │                  └ <Task finished name='Task-1' coro=<Server.serve() done, defined at D:\SUNIL KUMAWAT\New_popup\venv\Lib\site-packages\uvicorn\...
           │    │     └ <function BaseEventLoop.run_until_complete at 0x0000011D06559590>
           │    └ <_WindowsSelectorEventLoop running=True closed=False debug=False>
           └ <asyncio.runners.Runner object at 0x0000011D0711B0E0>
  File "C:\Python314\Lib\asyncio\base_events.py", line 706, in run_until_complete
    self.run_forever()
    │    └ <function BaseEventLoop.run_forever at 0x0000011D065594E0>
    └ <_WindowsSelectorEventLoop running=True closed=False debug=False>
  File "C:\Python314\Lib\asyncio\base_events.py", line 677, in run_forever
    self._run_once()
    │    └ <function BaseEventLoop._run_once at 0x0000011D0655B5E0>
    └ <_WindowsSelectorEventLoop running=True closed=False debug=False>
  File "C:\Python314\Lib\asyncio\base_events.py", line 2046, in _run_once
    handle._run()
    │      └ <function Handle._run at 0x0000011D04CBF1C0>
    └ <Handle Task.task_wakeup()>
  File "C:\Python314\Lib\asyncio\events.py", line 94, in _run
    self._context.run(self._callback, *self._args)
    │    │            │    │           │    └ <member '_args' of 'Handle' objects>
    │    │            │    │           └ <Handle Task.task_wakeup()>
    │    │            │    └ <member '_callback' of 'Handle' objects>
    │    │            └ <Handle Task.task_wakeup()>
    │    └ <member '_context' of 'Handle' objects>
    └ <Handle Task.task_wakeup()>
  File "D:\SUNIL KUMAWAT\New_popup\venv\Lib\site-packages\uvicorn\server.py", line 78, in serve
    with self.capture_signals():
         │    └ <function Server.capture_signals at 0x0000011D071C5430>
         └ <uvicorn.server.Server object at 0x0000011D0711A270>
  File "C:\Python314\Lib\contextlib.py", line 148, in __exit__
    next(self.gen)
         │    └ <generator object Server.capture_signals at 0x0000011D0723CE10>
         └ <contextlib._GeneratorContextManager object at 0x0000011D0711B620>
  File "D:\SUNIL KUMAWAT\New_popup\venv\Lib\site-packages\uvicorn\server.py", line 339, in capture_signals
    signal.raise_signal(captured_signal)
    │      │            └ 2
    │      └ <built-in function raise_signal>
    └ <module 'signal' from 'C:\\Python314\\Lib\\signal.py'>
  File "C:\Python314\Lib\asyncio\runners.py", line 166, in _on_sigint
    raise KeyboardInterrupt()

KeyboardInterrupt


During handling of the above exception, another exception occurred:


Traceback (most recent call last):

  File "<string>", line 1, in <module>
  File "C:\Python314\Lib\multiprocessing\spawn.py", line 122, in spawn_main
    exitcode = _main(fd, parent_sentinel)
               │     │   └ 264
               │     └ 3
               └ <function _main at 0x0000011D046881A0>
  File "C:\Python314\Lib\multiprocessing\spawn.py", line 135, in _main
    return self._bootstrap(parent_sentinel)
           │    │          └ 264
           │    └ <function BaseProcess._bootstrap at 0x0000011D0453E1F0>
           └ <SpawnProcess name='SpawnProcess-1' parent=5588 started>
  File "C:\Python314\Lib\multiprocessing\process.py", line 320, in _bootstrap
    self.run()
    │    └ <function BaseProcess.run at 0x0000011D0453D590>
    └ <SpawnProcess name='SpawnProcess-1' parent=5588 started>
  File "C:\Python314\Lib\multiprocessing\process.py", line 108, in run
    self._target(*self._args, **self._kwargs)
    │    │        │    │        │    └ {'config': <uvicorn.config.Config object at 0x0000011D0711A120>, 'target': <bound method Server.run of <uvicorn.server.Server...
    │    │        │    │        └ <SpawnProcess name='SpawnProcess-1' parent=5588 started>
    │    │        │    └ ()
    │    │        └ <SpawnProcess name='SpawnProcess-1' parent=5588 started>
    │    └ <function subprocess_started at 0x0000011D071C6980>
    └ <SpawnProcess name='SpawnProcess-1' parent=5588 started>
  File "D:\SUNIL KUMAWAT\New_popup\venv\Lib\site-packages\uvicorn\_subprocess.py", line 80, in subprocess_started
    target(sockets=sockets)
    │              └ [<socket.socket [closed] fd=-1, family=2, type=1, proto=6>]
    └ <bound method Server.run of <uvicorn.server.Server object at 0x0000011D0711A270>>
  File "D:\SUNIL KUMAWAT\New_popup\venv\Lib\site-packages\uvicorn\server.py", line 75, in run
    return asyncio_run(self.serve(sockets=sockets), loop_factory=self.config.get_loop_factory())
           │           │    │             │                      │    │      └ <function Config.get_loop_factory at 0x0000011D0716D2D0>
           │           │    │             │                      │    └ <uvicorn.config.Config object at 0x0000011D0711A120>
           │           │    │             │                      └ <uvicorn.server.Server object at 0x0000011D0711A270>
           │           │    │             └ [<socket.socket [closed] fd=-1, family=2, type=1, proto=6>]
           │           │    └ <function Server.serve at 0x0000011D071C4880>
           │           └ <uvicorn.server.Server object at 0x0000011D0711A270>
           └ <function run at 0x0000011D06554E00>
  File "C:\Python314\Lib\asyncio\runners.py", line 203, in run
    with Runner(debug=debug, loop_factory=loop_factory) as runner:
         │            │                   │                └ <asyncio.runners.Runner object at 0x0000011D0711B0E0>
         │            │                   └ <class 'asyncio.windows_events._WindowsSelectorEventLoop'>
         │            └ None
         └ <class 'asyncio.runners.Runner'>
  File "C:\Python314\Lib\asyncio\runners.py", line 63, in __exit__
    self.close()
    │    └ <function Runner.close at 0x0000011D065550C0>
    └ <asyncio.runners.Runner object at 0x0000011D0711B0E0>
  File "C:\Python314\Lib\asyncio\runners.py", line 71, in close
    _cancel_all_tasks(loop)
    │                 └ <_WindowsSelectorEventLoop running=True closed=False debug=False>
    └ <function _cancel_all_tasks at 0x0000011D06555430>
  File "C:\Python314\Lib\asyncio\runners.py", line 215, in _cancel_all_tasks
    loop.run_until_complete(tasks.gather(*to_cancel, return_exceptions=True))
    │    │                  │     │       └ {<Task finished name='Task-2' coro=<LifespanOn.main() done, defined at D:\SUNIL KUMAWAT\New_popup\venv\Lib\site-packages\uvic...
    │    │                  │     └ <function gather at 0x0000011D0655D6F0>
    │    │                  └ <module 'asyncio.tasks' from 'C:\\Python314\\Lib\\asyncio\\tasks.py'>
    │    └ <function BaseEventLoop.run_until_complete at 0x0000011D06559590>
    └ <_WindowsSelectorEventLoop running=True closed=False debug=False>
  File "C:\Python314\Lib\asyncio\base_events.py", line 706, in run_until_complete
    self.run_forever()
    │    └ <function BaseEventLoop.run_forever at 0x0000011D065594E0>
    └ <_WindowsSelectorEventLoop running=True closed=False debug=False>
  File "C:\Python314\Lib\asyncio\base_events.py", line 677, in run_forever
    self._run_once()
    │    └ <function BaseEventLoop._run_once at 0x0000011D0655B5E0>
    └ <_WindowsSelectorEventLoop running=True closed=False debug=False>
  File "C:\Python314\Lib\asyncio\base_events.py", line 2046, in _run_once
    handle._run()
    │      └ <function Handle._run at 0x0000011D04CBF1C0>
    └ <Handle Task.task_wakeup()>
  File "C:\Python314\Lib\asyncio\events.py", line 94, in _run
    self._context.run(self._callback, *self._args)
    │    │            │    │           │    └ <member '_args' of 'Handle' objects>
    │    │            │    │           └ <Handle Task.task_wakeup()>
    │    │            │    └ <member '_callback' of 'Handle' objects>
    │    │            └ <Handle Task.task_wakeup()>
    │    └ <member '_context' of 'Handle' objects>
    └ <Handle Task.task_wakeup()>
> File "D:\SUNIL KUMAWAT\New_popup\venv\Lib\site-packages\uvicorn\protocols\http\h11_impl.py", line 415, in run_asgi
    result = await app(  # type: ignore[func-returns-value]
                   └ <uvicorn.middleware.proxy_headers.ProxyHeadersMiddleware object at 0x0000011D0A6F4EC0>
  File "D:\SUNIL KUMAWAT\New_popup\venv\Lib\site-packages\uvicorn\middleware\proxy_headers.py", line 62, in __call__
    return await self.app(scope, receive, send)
                 │    │   │      │        └ <bound method RequestResponseCycle.send of <uvicorn.protocols.http.h11_impl.RequestResponseCycle object at 0x0000011D0CD52490>>
                 │    │   │      └ <bound method RequestResponseCycle.receive of <uvicorn.protocols.http.h11_impl.RequestResponseCycle object at 0x0000011D0CD52...
                 │    │   └ {'type': 'http', 'asgi': {'version': '3.0', 'spec_version': '2.3'}, 'http_version': '1.1', 'server': ('192.168.15.52', 8000),...
                 │    └ <fastapi.applications.FastAPI object at 0x0000011D0A5EFB60>
                 └ <uvicorn.middleware.proxy_headers.ProxyHeadersMiddleware object at 0x0000011D0A6F4EC0>
  File "D:\SUNIL KUMAWAT\New_popup\venv\Lib\site-packages\fastapi\applications.py", line 1159, in __call__
    await super().__call__(scope, receive, send)
                           │      │        └ <bound method RequestResponseCycle.send of <uvicorn.protocols.http.h11_impl.RequestResponseCycle object at 0x0000011D0CD52490>>
                           │      └ <bound method RequestResponseCycle.receive of <uvicorn.protocols.http.h11_impl.RequestResponseCycle object at 0x0000011D0CD52...
                           └ {'type': 'http', 'asgi': {'version': '3.0', 'spec_version': '2.3'}, 'http_version': '1.1', 'server': ('192.168.15.52', 8000),...
  File "D:\SUNIL KUMAWAT\New_popup\venv\Lib\site-packages\starlette\applications.py", line 90, in __call__
    await self.middleware_stack(scope, receive, send)
          │    │                │      │        └ <bound method RequestResponseCycle.send of <uvicorn.protocols.http.h11_impl.RequestResponseCycle object at 0x0000011D0CD52490>>
          │    │                │      └ <bound method RequestResponseCycle.receive of <uvicorn.protocols.http.h11_impl.RequestResponseCycle object at 0x0000011D0CD52...
          │    │                └ {'type': 'http', 'asgi': {'version': '3.0', 'spec_version': '2.3'}, 'http_version': '1.1', 'server': ('192.168.15.52', 8000),...
          │    └ <starlette.middleware.errors.ServerErrorMiddleware object at 0x0000011D0A6F5BE0>
          └ <fastapi.applications.FastAPI object at 0x0000011D0A5EFB60>
  File "D:\SUNIL KUMAWAT\New_popup\venv\Lib\site-packages\starlette\middleware\errors.py", line 164, in __call__
    await self.app(scope, receive, _send)
          │    │   │      │        └ <function ServerErrorMiddleware.__call__.<locals>._send at 0x0000011D0CDBCCA0>
          │    │   │      └ <bound method RequestResponseCycle.receive of <uvicorn.protocols.http.h11_impl.RequestResponseCycle object at 0x0000011D0CD52...
          │    │   └ {'type': 'http', 'asgi': {'version': '3.0', 'spec_version': '2.3'}, 'http_version': '1.1', 'server': ('192.168.15.52', 8000),...
          │    └ <starlette.middleware.cors.CORSMiddleware object at 0x0000011D0A6F5A90>
          └ <starlette.middleware.errors.ServerErrorMiddleware object at 0x0000011D0A6F5BE0>
  File "D:\SUNIL KUMAWAT\New_popup\venv\Lib\site-packages\starlette\middleware\cors.py", line 88, in __call__
    await self.app(scope, receive, send)
          │    │   │      │        └ <function ServerErrorMiddleware.__call__.<locals>._send at 0x0000011D0CDBCCA0>
          │    │   │      └ <bound method RequestResponseCycle.receive of <uvicorn.protocols.http.h11_impl.RequestResponseCycle object at 0x0000011D0CD52...
          │    │   └ {'type': 'http', 'asgi': {'version': '3.0', 'spec_version': '2.3'}, 'http_version': '1.1', 'server': ('192.168.15.52', 8000),...
          │    └ <starlette.middleware.exceptions.ExceptionMiddleware object at 0x0000011D0A6F5940>
          └ <starlette.middleware.cors.CORSMiddleware object at 0x0000011D0A6F5A90>
  File "D:\SUNIL KUMAWAT\New_popup\venv\Lib\site-packages\starlette\middleware\exceptions.py", line 63, in __call__
    await wrap_app_handling_exceptions(self.app, conn)(scope, receive, send)
          │                            │    │    │     │      │        └ <function ServerErrorMiddleware.__call__.<locals>._send at 0x0000011D0CDBCCA0>
          │                            │    │    │     │      └ <bound method RequestResponseCycle.receive of <uvicorn.protocols.http.h11_impl.RequestResponseCycle object at 0x0000011D0CD52...
          │                            │    │    │     └ {'type': 'http', 'asgi': {'version': '3.0', 'spec_version': '2.3'}, 'http_version': '1.1', 'server': ('192.168.15.52', 8000),...
          │                            │    │    └ <starlette.requests.Request object at 0x0000011D0CBEF820>
          │                            │    └ <fastapi.middleware.asyncexitstack.AsyncExitStackMiddleware object at 0x0000011D0A6F56A0>
          │                            └ <starlette.middleware.exceptions.ExceptionMiddleware object at 0x0000011D0A6F5940>
          └ <function wrap_app_handling_exceptions at 0x0000011D07B73A00>
  File "D:\SUNIL KUMAWAT\New_popup\venv\Lib\site-packages\starlette\_exception_handler.py", line 42, in wrapped_app
    await app(scope, receive, sender)
          │   │      │        └ <function wrap_app_handling_exceptions.<locals>.wrapped_app.<locals>.sender at 0x0000011D0CDBCF60>
          │   │      └ <bound method RequestResponseCycle.receive of <uvicorn.protocols.http.h11_impl.RequestResponseCycle object at 0x0000011D0CD52...
          │   └ {'type': 'http', 'asgi': {'version': '3.0', 'spec_version': '2.3'}, 'http_version': '1.1', 'server': ('192.168.15.52', 8000),...
          └ <fastapi.middleware.asyncexitstack.AsyncExitStackMiddleware object at 0x0000011D0A6F56A0>
  File "D:\SUNIL KUMAWAT\New_popup\venv\Lib\site-packages\fastapi\middleware\asyncexitstack.py", line 18, in __call__
    await self.app(scope, receive, send)
          │    │   │      │        └ <function wrap_app_handling_exceptions.<locals>.wrapped_app.<locals>.sender at 0x0000011D0CDBCF60>
          │    │   │      └ <bound method RequestResponseCycle.receive of <uvicorn.protocols.http.h11_impl.RequestResponseCycle object at 0x0000011D0CD52...
          │    │   └ {'type': 'http', 'asgi': {'version': '3.0', 'spec_version': '2.3'}, 'http_version': '1.1', 'server': ('192.168.15.52', 8000),...
          │    └ <fastapi.routing.APIRouter object at 0x0000011D0A6CA0D0>
          └ <fastapi.middleware.asyncexitstack.AsyncExitStackMiddleware object at 0x0000011D0A6F56A0>
  File "D:\SUNIL KUMAWAT\New_popup\venv\Lib\site-packages\starlette\routing.py", line 660, in __call__
    await self.middleware_stack(scope, receive, send)
          │    │                │      │        └ <function wrap_app_handling_exceptions.<locals>.wrapped_app.<locals>.sender at 0x0000011D0CDBCF60>
          │    │                │      └ <bound method RequestResponseCycle.receive of <uvicorn.protocols.http.h11_impl.RequestResponseCycle object at 0x0000011D0CD52...
          │    │                └ {'type': 'http', 'asgi': {'version': '3.0', 'spec_version': '2.3'}, 'http_version': '1.1', 'server': ('192.168.15.52', 8000),...
          │    └ <bound method Router.app of <fastapi.routing.APIRouter object at 0x0000011D0A6CA0D0>>
          └ <fastapi.routing.APIRouter object at 0x0000011D0A6CA0D0>
  File "D:\SUNIL KUMAWAT\New_popup\venv\Lib\site-packages\starlette\routing.py", line 680, in app
    await route.handle(scope, receive, send)
          │     │      │      │        └ <function wrap_app_handling_exceptions.<locals>.wrapped_app.<locals>.sender at 0x0000011D0CDBCF60>
          │     │      │      └ <bound method RequestResponseCycle.receive of <uvicorn.protocols.http.h11_impl.RequestResponseCycle object at 0x0000011D0CD52...
          │     │      └ {'type': 'http', 'asgi': {'version': '3.0', 'spec_version': '2.3'}, 'http_version': '1.1', 'server': ('192.168.15.52', 8000),...
          │     └ <function Route.handle at 0x0000011D07B964B0>
          └ APIRoute(path='/api/audio/{filename}', name='get_audio', methods=['GET'])
  File "D:\SUNIL KUMAWAT\New_popup\venv\Lib\site-packages\starlette\routing.py", line 276, in handle
    await self.app(scope, receive, send)
          │    │   │      │        └ <function wrap_app_handling_exceptions.<locals>.wrapped_app.<locals>.sender at 0x0000011D0CDBCF60>
          │    │   │      └ <bound method RequestResponseCycle.receive of <uvicorn.protocols.http.h11_impl.RequestResponseCycle object at 0x0000011D0CD52...
          │    │   └ {'type': 'http', 'asgi': {'version': '3.0', 'spec_version': '2.3'}, 'http_version': '1.1', 'server': ('192.168.15.52', 8000),...
          │    └ <function request_response.<locals>.app at 0x0000011D0A6DB3D0>
          └ APIRoute(path='/api/audio/{filename}', name='get_audio', methods=['GET'])
  File "D:\SUNIL KUMAWAT\New_popup\venv\Lib\site-packages\fastapi\routing.py", line 134, in app
    await wrap_app_handling_exceptions(app, request)(scope, receive, send)
          │                            │    │        │      │        └ <function wrap_app_handling_exceptions.<locals>.wrapped_app.<locals>.sender at 0x0000011D0CDBCF60>
          │                            │    │        │      └ <bound method RequestResponseCycle.receive of <uvicorn.protocols.http.h11_impl.RequestResponseCycle object at 0x0000011D0CD52...
          │                            │    │        └ {'type': 'http', 'asgi': {'version': '3.0', 'spec_version': '2.3'}, 'http_version': '1.1', 'server': ('192.168.15.52', 8000),...
          │                            │    └ <starlette.requests.Request object at 0x0000011D0CD12330>
          │                            └ <function request_response.<locals>.app.<locals>.app at 0x0000011D0CDBD0C0>
          └ <function wrap_app_handling_exceptions at 0x0000011D07B73A00>
  File "D:\SUNIL KUMAWAT\New_popup\venv\Lib\site-packages\starlette\_exception_handler.py", line 42, in wrapped_app
    await app(scope, receive, sender)
          │   │      │        └ <function wrap_app_handling_exceptions.<locals>.wrapped_app.<locals>.sender at 0x0000011D0CDBD380>
          │   │      └ <bound method RequestResponseCycle.receive of <uvicorn.protocols.http.h11_impl.RequestResponseCycle object at 0x0000011D0CD52...
          │   └ {'type': 'http', 'asgi': {'version': '3.0', 'spec_version': '2.3'}, 'http_version': '1.1', 'server': ('192.168.15.52', 8000),...
          └ <function request_response.<locals>.app.<locals>.app at 0x0000011D0CDBD0C0>
  File "D:\SUNIL KUMAWAT\New_popup\venv\Lib\site-packages\fastapi\routing.py", line 121, in app
    await response(scope, receive, send)
          │        │      │        └ <function wrap_app_handling_exceptions.<locals>.wrapped_app.<locals>.sender at 0x0000011D0CDBD380>
          │        │      └ <bound method RequestResponseCycle.receive of <uvicorn.protocols.http.h11_impl.RequestResponseCycle object at 0x0000011D0CD52...
          │        └ {'type': 'http', 'asgi': {'version': '3.0', 'spec_version': '2.3'}, 'http_version': '1.1', 'server': ('192.168.15.52', 8000),...
          └ <starlette.responses.FileResponse object at 0x0000011D0CD53250>
  File "D:\SUNIL KUMAWAT\New_popup\venv\Lib\site-packages\starlette\responses.py", line 383, in __call__
    await self.background()
          │    └ <fastapi.background.BackgroundTasks object at 0x0000011D0CD52E90>
          └ <starlette.responses.FileResponse object at 0x0000011D0CD53250>
  File "D:\SUNIL KUMAWAT\New_popup\venv\Lib\site-packages\starlette\background.py", line 36, in __call__
    await task()
          └ <starlette.background.BackgroundTask object at 0x0000011D0CD53110>
  File "D:\SUNIL KUMAWAT\New_popup\venv\Lib\site-packages\starlette\background.py", line 21, in __call__
    await self.func(*self.args, **self.kwargs)
          │    │     │    │       │    └ {}
          │    │     │    │       └ <starlette.background.BackgroundTask object at 0x0000011D0CD53110>
          │    │     │    └ ('static\\audio\\tts_047d7b27a0e140bf99018ee907809c41.mp3', 300)
          │    │     └ <starlette.background.BackgroundTask object at 0x0000011D0CD53110>
          │    └ <function delayed_delete at 0x0000011D09F9CA90>
          └ <starlette.background.BackgroundTask object at 0x0000011D0CD53110>

  File "D:\SUNIL KUMAWAT\New_popup\services\tts_service.py", line 48, in delayed_delete
    await asyncio.sleep(delay_seconds)
          │       │     └ 300
          │       └ <function sleep at 0x0000011D0655D590>
          └ <module 'asyncio' from 'C:\\Python314\\Lib\\asyncio\\__init__.py'>

  File "C:\Python314\Lib\asyncio\tasks.py", line 702, in sleep
    return await future
                 └ <Future cancelled>

asyncio.exceptions.CancelledError
2026-06-15 14:37:22.982 | ERROR    | logging:callHandlers:1737 - Exception in ASGI application

Traceback (most recent call last):

  File "C:\Python314\Lib\asyncio\runners.py", line 204, in run
    return runner.run(main)
           │      │   └ <coroutine object Server.serve at 0x0000011D07200400>
           │      └ <function Runner.run at 0x0000011D06555220>
           └ <asyncio.runners.Runner object at 0x0000011D0711B0E0>
  File "C:\Python314\Lib\asyncio\runners.py", line 127, in run
    return self._loop.run_until_complete(task)
           │    │     │                  └ <Task finished name='Task-1' coro=<Server.serve() done, defined at D:\SUNIL KUMAWAT\New_popup\venv\Lib\site-packages\uvicorn\...
           │    │     └ <function BaseEventLoop.run_until_complete at 0x0000011D06559590>
           │    └ <_WindowsSelectorEventLoop running=True closed=False debug=False>
           └ <asyncio.runners.Runner object at 0x0000011D0711B0E0>
  File "C:\Python314\Lib\asyncio\base_events.py", line 706, in run_until_complete
    self.run_forever()
    │    └ <function BaseEventLoop.run_forever at 0x0000011D065594E0>
    └ <_WindowsSelectorEventLoop running=True closed=False debug=False>
  File "C:\Python314\Lib\asyncio\base_events.py", line 677, in run_forever
    self._run_once()
    │    └ <function BaseEventLoop._run_once at 0x0000011D0655B5E0>
    └ <_WindowsSelectorEventLoop running=True closed=False debug=False>
  File "C:\Python314\Lib\asyncio\base_events.py", line 2046, in _run_once
    handle._run()
    │      └ <function Handle._run at 0x0000011D04CBF1C0>
    └ <Handle Task.task_wakeup()>
  File "C:\Python314\Lib\asyncio\events.py", line 94, in _run
    self._context.run(self._callback, *self._args)
    │    │            │    │           │    └ <member '_args' of 'Handle' objects>
    │    │            │    │           └ <Handle Task.task_wakeup()>
    │    │            │    └ <member '_callback' of 'Handle' objects>
    │    │            └ <Handle Task.task_wakeup()>
    │    └ <member '_context' of 'Handle' objects>
    └ <Handle Task.task_wakeup()>
  File "D:\SUNIL KUMAWAT\New_popup\venv\Lib\site-packages\uvicorn\server.py", line 78, in serve
    with self.capture_signals():
         │    └ <function Server.capture_signals at 0x0000011D071C5430>
         └ <uvicorn.server.Server object at 0x0000011D0711A270>
  File "C:\Python314\Lib\contextlib.py", line 148, in __exit__
    next(self.gen)
         │    └ <generator object Server.capture_signals at 0x0000011D0723CE10>
         └ <contextlib._GeneratorContextManager object at 0x0000011D0711B620>
  File "D:\SUNIL KUMAWAT\New_popup\venv\Lib\site-packages\uvicorn\server.py", line 339, in capture_signals
    signal.raise_signal(captured_signal)
    │      │            └ 2
    │      └ <built-in function raise_signal>
    └ <module 'signal' from 'C:\\Python314\\Lib\\signal.py'>
  File "C:\Python314\Lib\asyncio\runners.py", line 166, in _on_sigint
    raise KeyboardInterrupt()

KeyboardInterrupt


During handling of the above exception, another exception occurred:


Traceback (most recent call last):

  File "<string>", line 1, in <module>
  File "C:\Python314\Lib\multiprocessing\spawn.py", line 122, in spawn_main
    exitcode = _main(fd, parent_sentinel)
               │     │   └ 264
               │     └ 3
               └ <function _main at 0x0000011D046881A0>
  File "C:\Python314\Lib\multiprocessing\spawn.py", line 135, in _main
    return self._bootstrap(parent_sentinel)
           │    │          └ 264
           │    └ <function BaseProcess._bootstrap at 0x0000011D0453E1F0>
           └ <SpawnProcess name='SpawnProcess-1' parent=5588 started>
  File "C:\Python314\Lib\multiprocessing\process.py", line 320, in _bootstrap
    self.run()
    │    └ <function BaseProcess.run at 0x0000011D0453D590>
    └ <SpawnProcess name='SpawnProcess-1' parent=5588 started>
  File "C:\Python314\Lib\multiprocessing\process.py", line 108, in run
    self._target(*self._args, **self._kwargs)
    │    │        │    │        │    └ {'config': <uvicorn.config.Config object at 0x0000011D0711A120>, 'target': <bound method Server.run of <uvicorn.server.Server...
    │    │        │    │        └ <SpawnProcess name='SpawnProcess-1' parent=5588 started>
    │    │        │    └ ()
    │    │        └ <SpawnProcess name='SpawnProcess-1' parent=5588 started>
    │    └ <function subprocess_started at 0x0000011D071C6980>
    └ <SpawnProcess name='SpawnProcess-1' parent=5588 started>
  File "D:\SUNIL KUMAWAT\New_popup\venv\Lib\site-packages\uvicorn\_subprocess.py", line 80, in subprocess_started
    target(sockets=sockets)
    │              └ [<socket.socket [closed] fd=-1, family=2, type=1, proto=6>]
    └ <bound method Server.run of <uvicorn.server.Server object at 0x0000011D0711A270>>
  File "D:\SUNIL KUMAWAT\New_popup\venv\Lib\site-packages\uvicorn\server.py", line 75, in run
    return asyncio_run(self.serve(sockets=sockets), loop_factory=self.config.get_loop_factory())
           │           │    │             │                      │    │      └ <function Config.get_loop_factory at 0x0000011D0716D2D0>
           │           │    │             │                      │    └ <uvicorn.config.Config object at 0x0000011D0711A120>
           │           │    │             │                      └ <uvicorn.server.Server object at 0x0000011D0711A270>
           │           │    │             └ [<socket.socket [closed] fd=-1, family=2, type=1, proto=6>]
           │           │    └ <function Server.serve at 0x0000011D071C4880>
           │           └ <uvicorn.server.Server object at 0x0000011D0711A270>
           └ <function run at 0x0000011D06554E00>
  File "C:\Python314\Lib\asyncio\runners.py", line 203, in run
    with Runner(debug=debug, loop_factory=loop_factory) as runner:
         │            │                   │                └ <asyncio.runners.Runner object at 0x0000011D0711B0E0>
         │            │                   └ <class 'asyncio.windows_events._WindowsSelectorEventLoop'>
         │            └ None
         └ <class 'asyncio.runners.Runner'>
  File "C:\Python314\Lib\asyncio\runners.py", line 63, in __exit__
    self.close()
    │    └ <function Runner.close at 0x0000011D065550C0>
    └ <asyncio.runners.Runner object at 0x0000011D0711B0E0>
  File "C:\Python314\Lib\asyncio\runners.py", line 71, in close
    _cancel_all_tasks(loop)
    │                 └ <_WindowsSelectorEventLoop running=True closed=False debug=False>
    └ <function _cancel_all_tasks at 0x0000011D06555430>
  File "C:\Python314\Lib\asyncio\runners.py", line 215, in _cancel_all_tasks
    loop.run_until_complete(tasks.gather(*to_cancel, return_exceptions=True))
    │    │                  │     │       └ {<Task finished name='Task-2' coro=<LifespanOn.main() done, defined at D:\SUNIL KUMAWAT\New_popup\venv\Lib\site-packages\uvic...
    │    │                  │     └ <function gather at 0x0000011D0655D6F0>
    │    │                  └ <module 'asyncio.tasks' from 'C:\\Python314\\Lib\\asyncio\\tasks.py'>
    │    └ <function BaseEventLoop.run_until_complete at 0x0000011D06559590>
    └ <_WindowsSelectorEventLoop running=True closed=False debug=False>
  File "C:\Python314\Lib\asyncio\base_events.py", line 706, in run_until_complete
    self.run_forever()
    │    └ <function BaseEventLoop.run_forever at 0x0000011D065594E0>
    └ <_WindowsSelectorEventLoop running=True closed=False debug=False>
  File "C:\Python314\Lib\asyncio\base_events.py", line 677, in run_forever
    self._run_once()
    │    └ <function BaseEventLoop._run_once at 0x0000011D0655B5E0>
    └ <_WindowsSelectorEventLoop running=True closed=False debug=False>
  File "C:\Python314\Lib\asyncio\base_events.py", line 2046, in _run_once
    handle._run()
    │      └ <function Handle._run at 0x0000011D04CBF1C0>
    └ <Handle Task.task_wakeup()>
  File "C:\Python314\Lib\asyncio\events.py", line 94, in _run
    self._context.run(self._callback, *self._args)
    │    │            │    │           │    └ <member '_args' of 'Handle' objects>
    │    │            │    │           └ <Handle Task.task_wakeup()>
    │    │            │    └ <member '_callback' of 'Handle' objects>
    │    │            └ <Handle Task.task_wakeup()>
    │    └ <member '_context' of 'Handle' objects>
    └ <Handle Task.task_wakeup()>
> File "D:\SUNIL KUMAWAT\New_popup\venv\Lib\site-packages\uvicorn\protocols\http\h11_impl.py", line 415, in run_asgi
    result = await app(  # type: ignore[func-returns-value]
                   └ <uvicorn.middleware.proxy_headers.ProxyHeadersMiddleware object at 0x0000011D0A6F4EC0>
  File "D:\SUNIL KUMAWAT\New_popup\venv\Lib\site-packages\uvicorn\middleware\proxy_headers.py", line 62, in __call__
    return await self.app(scope, receive, send)
                 │    │   │      │        └ <bound method RequestResponseCycle.send of <uvicorn.protocols.http.h11_impl.RequestResponseCycle object at 0x0000011D0CD507D0>>
                 │    │   │      └ <bound method RequestResponseCycle.receive of <uvicorn.protocols.http.h11_impl.RequestResponseCycle object at 0x0000011D0CD50...
                 │    │   └ {'type': 'http', 'asgi': {'version': '3.0', 'spec_version': '2.3'}, 'http_version': '1.1', 'server': ('192.168.15.52', 8000),...
                 │    └ <fastapi.applications.FastAPI object at 0x0000011D0A5EFB60>
                 └ <uvicorn.middleware.proxy_headers.ProxyHeadersMiddleware object at 0x0000011D0A6F4EC0>
  File "D:\SUNIL KUMAWAT\New_popup\venv\Lib\site-packages\fastapi\applications.py", line 1159, in __call__
    await super().__call__(scope, receive, send)
                           │      │        └ <bound method RequestResponseCycle.send of <uvicorn.protocols.http.h11_impl.RequestResponseCycle object at 0x0000011D0CD507D0>>
                           │      └ <bound method RequestResponseCycle.receive of <uvicorn.protocols.http.h11_impl.RequestResponseCycle object at 0x0000011D0CD50...
                           └ {'type': 'http', 'asgi': {'version': '3.0', 'spec_version': '2.3'}, 'http_version': '1.1', 'server': ('192.168.15.52', 8000),...
  File "D:\SUNIL KUMAWAT\New_popup\venv\Lib\site-packages\starlette\applications.py", line 90, in __call__
    await self.middleware_stack(scope, receive, send)
          │    │                │      │        └ <bound method RequestResponseCycle.send of <uvicorn.protocols.http.h11_impl.RequestResponseCycle object at 0x0000011D0CD507D0>>
          │    │                │      └ <bound method RequestResponseCycle.receive of <uvicorn.protocols.http.h11_impl.RequestResponseCycle object at 0x0000011D0CD50...
          │    │                └ {'type': 'http', 'asgi': {'version': '3.0', 'spec_version': '2.3'}, 'http_version': '1.1', 'server': ('192.168.15.52', 8000),...
          │    └ <starlette.middleware.errors.ServerErrorMiddleware object at 0x0000011D0A6F5BE0>
          └ <fastapi.applications.FastAPI object at 0x0000011D0A5EFB60>
  File "D:\SUNIL KUMAWAT\New_popup\venv\Lib\site-packages\starlette\middleware\errors.py", line 164, in __call__
    await self.app(scope, receive, _send)
          │    │   │      │        └ <function ServerErrorMiddleware.__call__.<locals>._send at 0x0000011D0B090CA0>
          │    │   │      └ <bound method RequestResponseCycle.receive of <uvicorn.protocols.http.h11_impl.RequestResponseCycle object at 0x0000011D0CD50...
          │    │   └ {'type': 'http', 'asgi': {'version': '3.0', 'spec_version': '2.3'}, 'http_version': '1.1', 'server': ('192.168.15.52', 8000),...
          │    └ <starlette.middleware.cors.CORSMiddleware object at 0x0000011D0A6F5A90>
          └ <starlette.middleware.errors.ServerErrorMiddleware object at 0x0000011D0A6F5BE0>
  File "D:\SUNIL KUMAWAT\New_popup\venv\Lib\site-packages\starlette\middleware\cors.py", line 88, in __call__
    await self.app(scope, receive, send)
          │    │   │      │        └ <function ServerErrorMiddleware.__call__.<locals>._send at 0x0000011D0B090CA0>
          │    │   │      └ <bound method RequestResponseCycle.receive of <uvicorn.protocols.http.h11_impl.RequestResponseCycle object at 0x0000011D0CD50...
          │    │   └ {'type': 'http', 'asgi': {'version': '3.0', 'spec_version': '2.3'}, 'http_version': '1.1', 'server': ('192.168.15.52', 8000),...
          │    └ <starlette.middleware.exceptions.ExceptionMiddleware object at 0x0000011D0A6F5940>
          └ <starlette.middleware.cors.CORSMiddleware object at 0x0000011D0A6F5A90>
  File "D:\SUNIL KUMAWAT\New_popup\venv\Lib\site-packages\starlette\middleware\exceptions.py", line 63, in __call__
    await wrap_app_handling_exceptions(self.app, conn)(scope, receive, send)
          │                            │    │    │     │      │        └ <function ServerErrorMiddleware.__call__.<locals>._send at 0x0000011D0B090CA0>
          │                            │    │    │     │      └ <bound method RequestResponseCycle.receive of <uvicorn.protocols.http.h11_impl.RequestResponseCycle object at 0x0000011D0CD50...
          │                            │    │    │     └ {'type': 'http', 'asgi': {'version': '3.0', 'spec_version': '2.3'}, 'http_version': '1.1', 'server': ('192.168.15.52', 8000),...
          │                            │    │    └ <starlette.requests.Request object at 0x0000011D0CD50A50>
          │                            │    └ <fastapi.middleware.asyncexitstack.AsyncExitStackMiddleware object at 0x0000011D0A6F56A0>
          │                            └ <starlette.middleware.exceptions.ExceptionMiddleware object at 0x0000011D0A6F5940>
          └ <function wrap_app_handling_exceptions at 0x0000011D07B73A00>
  File "D:\SUNIL KUMAWAT\New_popup\venv\Lib\site-packages\starlette\_exception_handler.py", line 42, in wrapped_app
    await app(scope, receive, sender)
          │   │      │        └ <function wrap_app_handling_exceptions.<locals>.wrapped_app.<locals>.sender at 0x0000011D0944FCC0>
          │   │      └ <bound method RequestResponseCycle.receive of <uvicorn.protocols.http.h11_impl.RequestResponseCycle object at 0x0000011D0CD50...
          │   └ {'type': 'http', 'asgi': {'version': '3.0', 'spec_version': '2.3'}, 'http_version': '1.1', 'server': ('192.168.15.52', 8000),...
          └ <fastapi.middleware.asyncexitstack.AsyncExitStackMiddleware object at 0x0000011D0A6F56A0>
  File "D:\SUNIL KUMAWAT\New_popup\venv\Lib\site-packages\fastapi\middleware\asyncexitstack.py", line 18, in __call__
    await self.app(scope, receive, send)
          │    │   │      │        └ <function wrap_app_handling_exceptions.<locals>.wrapped_app.<locals>.sender at 0x0000011D0944FCC0>
          │    │   │      └ <bound method RequestResponseCycle.receive of <uvicorn.protocols.http.h11_impl.RequestResponseCycle object at 0x0000011D0CD50...
          │    │   └ {'type': 'http', 'asgi': {'version': '3.0', 'spec_version': '2.3'}, 'http_version': '1.1', 'server': ('192.168.15.52', 8000),...
          │    └ <fastapi.routing.APIRouter object at 0x0000011D0A6CA0D0>
          └ <fastapi.middleware.asyncexitstack.AsyncExitStackMiddleware object at 0x0000011D0A6F56A0>
  File "D:\SUNIL KUMAWAT\New_popup\venv\Lib\site-packages\starlette\routing.py", line 660, in __call__
    await self.middleware_stack(scope, receive, send)
          │    │                │      │        └ <function wrap_app_handling_exceptions.<locals>.wrapped_app.<locals>.sender at 0x0000011D0944FCC0>
          │    │                │      └ <bound method RequestResponseCycle.receive of <uvicorn.protocols.http.h11_impl.RequestResponseCycle object at 0x0000011D0CD50...
          │    │                └ {'type': 'http', 'asgi': {'version': '3.0', 'spec_version': '2.3'}, 'http_version': '1.1', 'server': ('192.168.15.52', 8000),...
          │    └ <bound method Router.app of <fastapi.routing.APIRouter object at 0x0000011D0A6CA0D0>>
          └ <fastapi.routing.APIRouter object at 0x0000011D0A6CA0D0>
  File "D:\SUNIL KUMAWAT\New_popup\venv\Lib\site-packages\starlette\routing.py", line 680, in app
    await route.handle(scope, receive, send)
          │     │      │      │        └ <function wrap_app_handling_exceptions.<locals>.wrapped_app.<locals>.sender at 0x0000011D0944FCC0>
          │     │      │      └ <bound method RequestResponseCycle.receive of <uvicorn.protocols.http.h11_impl.RequestResponseCycle object at 0x0000011D0CD50...
          │     │      └ {'type': 'http', 'asgi': {'version': '3.0', 'spec_version': '2.3'}, 'http_version': '1.1', 'server': ('192.168.15.52', 8000),...
          │     └ <function Route.handle at 0x0000011D07B964B0>
          └ APIRoute(path='/api/audio/{filename}', name='get_audio', methods=['GET'])
  File "D:\SUNIL KUMAWAT\New_popup\venv\Lib\site-packages\starlette\routing.py", line 276, in handle
    await self.app(scope, receive, send)
          │    │   │      │        └ <function wrap_app_handling_exceptions.<locals>.wrapped_app.<locals>.sender at 0x0000011D0944FCC0>
          │    │   │      └ <bound method RequestResponseCycle.receive of <uvicorn.protocols.http.h11_impl.RequestResponseCycle object at 0x0000011D0CD50...
          │    │   └ {'type': 'http', 'asgi': {'version': '3.0', 'spec_version': '2.3'}, 'http_version': '1.1', 'server': ('192.168.15.52', 8000),...
          │    └ <function request_response.<locals>.app at 0x0000011D0A6DB3D0>
          └ APIRoute(path='/api/audio/{filename}', name='get_audio', methods=['GET'])
  File "D:\SUNIL KUMAWAT\New_popup\venv\Lib\site-packages\fastapi\routing.py", line 134, in app
    await wrap_app_handling_exceptions(app, request)(scope, receive, send)
          │                            │    │        │      │        └ <function wrap_app_handling_exceptions.<locals>.wrapped_app.<locals>.sender at 0x0000011D0944FCC0>
          │                            │    │        │      └ <bound method RequestResponseCycle.receive of <uvicorn.protocols.http.h11_impl.RequestResponseCycle object at 0x0000011D0CD50...
          │                            │    │        └ {'type': 'http', 'asgi': {'version': '3.0', 'spec_version': '2.3'}, 'http_version': '1.1', 'server': ('192.168.15.52', 8000),...
          │                            │    └ <starlette.requests.Request object at 0x0000011D0CBEE780>
          │                            └ <function request_response.<locals>.app.<locals>.app at 0x0000011D0944FB60>
          └ <function wrap_app_handling_exceptions at 0x0000011D07B73A00>
  File "D:\SUNIL KUMAWAT\New_popup\venv\Lib\site-packages\starlette\_exception_handler.py", line 42, in wrapped_app
    await app(scope, receive, sender)
          │   │      │        └ <function wrap_app_handling_exceptions.<locals>.wrapped_app.<locals>.sender at 0x0000011D0944FD70>
          │   │      └ <bound method RequestResponseCycle.receive of <uvicorn.protocols.http.h11_impl.RequestResponseCycle object at 0x0000011D0CD50...
          │   └ {'type': 'http', 'asgi': {'version': '3.0', 'spec_version': '2.3'}, 'http_version': '1.1', 'server': ('192.168.15.52', 8000),...
          └ <function request_response.<locals>.app.<locals>.app at 0x0000011D0944FB60>
  File "D:\SUNIL KUMAWAT\New_popup\venv\Lib\site-packages\fastapi\routing.py", line 121, in app
    await response(scope, receive, send)
          │        │      │        └ <function wrap_app_handling_exceptions.<locals>.wrapped_app.<locals>.sender at 0x0000011D0944FD70>
          │        │      └ <bound method RequestResponseCycle.receive of <uvicorn.protocols.http.h11_impl.RequestResponseCycle object at 0x0000011D0CD50...
          │        └ {'type': 'http', 'asgi': {'version': '3.0', 'spec_version': '2.3'}, 'http_version': '1.1', 'server': ('192.168.15.52', 8000),...
          └ <starlette.responses.FileResponse object at 0x0000011D0B069940>
  File "D:\SUNIL KUMAWAT\New_popup\venv\Lib\site-packages\starlette\responses.py", line 383, in __call__
    await self.background()
          │    └ <fastapi.background.BackgroundTasks object at 0x0000011D0A6F5550>
          └ <starlette.responses.FileResponse object at 0x0000011D0B069940>
  File "D:\SUNIL KUMAWAT\New_popup\venv\Lib\site-packages\starlette\background.py", line 36, in __call__
    await task()
          └ <starlette.background.BackgroundTask object at 0x0000011D0B069E80>
  File "D:\SUNIL KUMAWAT\New_popup\venv\Lib\site-packages\starlette\background.py", line 21, in __call__
    await self.func(*self.args, **self.kwargs)
          │    │     │    │       │    └ {}
          │    │     │    │       └ <starlette.background.BackgroundTask object at 0x0000011D0B069E80>
          │    │     │    └ ('static\\audio\\tts_4ec48301033b445fb1039bfd8ef7566a.mp3', 300)
          │    │     └ <starlette.background.BackgroundTask object at 0x0000011D0B069E80>
          │    └ <function delayed_delete at 0x0000011D09F9CA90>
          └ <starlette.background.BackgroundTask object at 0x0000011D0B069E80>

  File "D:\SUNIL KUMAWAT\New_popup\services\tts_service.py", line 48, in delayed_delete
    await asyncio.sleep(delay_seconds)
          │       │     └ 300
          │       └ <function sleep at 0x0000011D0655D590>
          └ <module 'asyncio' from 'C:\\Python314\\Lib\\asyncio\\__init__.py'>

  File "C:\Python314\Lib\asyncio\tasks.py", line 702, in sleep
    return await future
                 └ <Future cancelled>

asyncio.exceptions.CancelledError
2026-06-15 14:37:25.094 | INFO     | logging:callHandlers:1737 - Started server process [19852]
2026-06-15 14:37:25.095 | INFO     | logging:callHandlers:1737 - Waiting for application startup.
2026-06-15 14:37:25.096 | INFO     | main:startup:62 - 🚀 SurveyCXM Popup API starting up...
2026-06-15 14:37:26.002 | INFO     | main:startup:65 - ✅ Database pre-warmed successfully
2026-06-15 14:37:26.002 | INFO     | main:startup:70 - 🌐 API is available at: http://127.0.0.1:8000/
2026-06-15 14:37:26.003 | INFO     | logging:callHandlers:1737 - Application startup complete.
2026-06-15 14:37:33.970 | INFO     | logging:callHandlers:1737 - Shutting down
2026-06-15 14:37:34.078 | INFO     | logging:callHandlers:1737 - Waiting for application shutdown.
2026-06-15 14:37:34.081 | INFO     | logging:callHandlers:1737 - Application shutdown complete.
2026-06-15 14:37:34.083 | INFO     | logging:callHandlers:1737 - Finished server process [19852]
2026-06-15 14:37:34.276 | INFO     | logging:callHandlers:1737 - Stopping reloader process [5588]
2026-06-15 14:37:40.339 | INFO     | logging:callHandlers:1737 - Uvicorn running on http://0.0.0.0:8000 (Press CTRL+C to quit)
2026-06-15 14:37:40.340 | INFO     | logging:callHandlers:1737 - Started reloader process [24488] using StatReload
2026-06-15 14:37:42.231 | INFO     | logging:callHandlers:1737 - Started server process [9540]
2026-06-15 14:37:42.231 | INFO     | logging:callHandlers:1737 - Waiting for application startup.
2026-06-15 14:37:42.232 | INFO     | main:startup:62 - 🚀 SurveyCXM Popup API starting up...
2026-06-15 14:37:42.935 | INFO     | main:startup:65 - ✅ Database pre-warmed successfully
2026-06-15 14:37:42.937 | INFO     | main:startup:70 - 🌐 API is available at: http://127.0.0.1:8000/
2026-06-15 14:37:42.938 | INFO     | logging:callHandlers:1737 - Application startup complete.
2026-06-15 14:38:34.754 | INFO     | logging:callHandlers:1737 - 192.168.15.59:64559 - "POST /api/login-popup-summary HTTP/1.1" 200
2026-06-15 14:38:34.838 | INFO     | logging:callHandlers:1737 - 192.168.15.59:56017 - "GET /api/audio/tts_ad7e6f2f93024fa185ea6d7026929bf4.mp3 HTTP/1.1" 200
2026-06-15 14:38:36.020 | INFO     | logging:callHandlers:1737 - 192.168.15.59:56018 - "GET /api/audio/tts_6cc909aea2de40b4847072190ac139b0.mp3 HTTP/1.1" 200
2026-06-15 14:42:37.139 | INFO     | logging:callHandlers:1737 - Shutting down
2026-06-15 14:42:37.249 | INFO     | logging:callHandlers:1737 - Waiting for background tasks to complete. (CTRL+C to force quit)
2026-06-15 14:42:44.097 | INFO     | logging:callHandlers:1737 - Finished server process [9540]
2026-06-15 14:42:44.109 | ERROR    | logging:callHandlers:1737 - Traceback (most recent call last):
  File "C:\Python314\Lib\asyncio\runners.py", line 204, in run
    return runner.run(main)
           ~~~~~~~~~~^^^^^^
  File "C:\Python314\Lib\asyncio\runners.py", line 127, in run
    return self._loop.run_until_complete(task)
           ~~~~~~~~~~~~~~~~~~~~~~~~~~~~~^^^^^^
  File "C:\Python314\Lib\asyncio\base_events.py", line 706, in run_until_complete
    self.run_forever()
    ~~~~~~~~~~~~~~~~^^
  File "C:\Python314\Lib\asyncio\base_events.py", line 677, in run_forever
    self._run_once()
    ~~~~~~~~~~~~~~^^
  File "C:\Python314\Lib\asyncio\base_events.py", line 2046, in _run_once
    handle._run()
    ~~~~~~~~~~~^^
  File "C:\Python314\Lib\asyncio\events.py", line 94, in _run
    self._context.run(self._callback, *self._args)
    ~~~~~~~~~~~~~~~~~^^^^^^^^^^^^^^^^^^^^^^^^^^^^^
  File "D:\SUNIL KUMAWAT\New_popup\venv\Lib\site-packages\uvicorn\server.py", line 78, in serve
    with self.capture_signals():
         ~~~~~~~~~~~~~~~~~~~~^^
  File "C:\Python314\Lib\contextlib.py", line 148, in __exit__
    next(self.gen)
    ~~~~^^^^^^^^^^
  File "D:\SUNIL KUMAWAT\New_popup\venv\Lib\site-packages\uvicorn\server.py", line 339, in capture_signals
    signal.raise_signal(captured_signal)
    ~~~~~~~~~~~~~~~~~~~^^^^^^^^^^^^^^^^^
  File "C:\Python314\Lib\asyncio\runners.py", line 166, in _on_sigint
    raise KeyboardInterrupt()
KeyboardInterrupt

During handling of the above exception, another exception occurred:

Traceback (most recent call last):
  File "D:\SUNIL KUMAWAT\New_popup\venv\Lib\site-packages\starlette\routing.py", line 645, in lifespan
    await receive()
  File "D:\SUNIL KUMAWAT\New_popup\venv\Lib\site-packages\uvicorn\lifespan\on.py", line 137, in receive
    return await self.receive_queue.get()
           ^^^^^^^^^^^^^^^^^^^^^^^^^^^^^^
  File "C:\Python314\Lib\asyncio\queues.py", line 186, in get
    await getter
asyncio.exceptions.CancelledError

2026-06-15 14:42:44.111 | ERROR    | logging:callHandlers:1737 - Exception in ASGI application

Traceback (most recent call last):

  File "C:\Python314\Lib\asyncio\runners.py", line 204, in run
    return runner.run(main)
           │      │   └ <coroutine object Server.serve at 0x000001FF7E860400>
           │      └ <function Runner.run at 0x000001FF7E3B5220>
           └ <asyncio.runners.Runner object at 0x000001FF7E77B0E0>
  File "C:\Python314\Lib\asyncio\runners.py", line 127, in run
    return self._loop.run_until_complete(task)
           │    │     │                  └ <Task finished name='Task-1' coro=<Server.serve() done, defined at D:\SUNIL KUMAWAT\New_popup\venv\Lib\site-packages\uvicorn\...
           │    │     └ <function BaseEventLoop.run_until_complete at 0x000001FF7E3B9590>
           │    └ <_WindowsSelectorEventLoop running=True closed=False debug=False>
           └ <asyncio.runners.Runner object at 0x000001FF7E77B0E0>
  File "C:\Python314\Lib\asyncio\base_events.py", line 706, in run_until_complete
    self.run_forever()
    │    └ <function BaseEventLoop.run_forever at 0x000001FF7E3B94E0>
    └ <_WindowsSelectorEventLoop running=True closed=False debug=False>
  File "C:\Python314\Lib\asyncio\base_events.py", line 677, in run_forever
    self._run_once()
    │    └ <function BaseEventLoop._run_once at 0x000001FF7E3BB5E0>
    └ <_WindowsSelectorEventLoop running=True closed=False debug=False>
  File "C:\Python314\Lib\asyncio\base_events.py", line 2046, in _run_once
    handle._run()
    │      └ <function Handle._run at 0x000001FF7CB2F1C0>
    └ <Handle Task.task_wakeup()>
  File "C:\Python314\Lib\asyncio\events.py", line 94, in _run
    self._context.run(self._callback, *self._args)
    │    │            │    │           │    └ <member '_args' of 'Handle' objects>
    │    │            │    │           └ <Handle Task.task_wakeup()>
    │    │            │    └ <member '_callback' of 'Handle' objects>
    │    │            └ <Handle Task.task_wakeup()>
    │    └ <member '_context' of 'Handle' objects>
    └ <Handle Task.task_wakeup()>
  File "D:\SUNIL KUMAWAT\New_popup\venv\Lib\site-packages\uvicorn\server.py", line 78, in serve
    with self.capture_signals():
         │    └ <function Server.capture_signals at 0x000001FF7E825430>
         └ <uvicorn.server.Server object at 0x000001FF7E77A270>
  File "C:\Python314\Lib\contextlib.py", line 148, in __exit__
    next(self.gen)
         │    └ <generator object Server.capture_signals at 0x000001FF7E89CE10>
         └ <contextlib._GeneratorContextManager object at 0x000001FF7E77B620>
  File "D:\SUNIL KUMAWAT\New_popup\venv\Lib\site-packages\uvicorn\server.py", line 339, in capture_signals
    signal.raise_signal(captured_signal)
    │      │            └ 2
    │      └ <built-in function raise_signal>
    └ <module 'signal' from 'C:\\Python314\\Lib\\signal.py'>
  File "C:\Python314\Lib\asyncio\runners.py", line 166, in _on_sigint
    raise KeyboardInterrupt()

KeyboardInterrupt


During handling of the above exception, another exception occurred:


Traceback (most recent call last):

  File "<string>", line 1, in <module>
  File "C:\Python314\Lib\multiprocessing\spawn.py", line 122, in spawn_main
    exitcode = _main(fd, parent_sentinel)
               │     │   └ 280
               │     └ 3
               └ <function _main at 0x000001FF7BCF81A0>
  File "C:\Python314\Lib\multiprocessing\spawn.py", line 135, in _main
    return self._bootstrap(parent_sentinel)
           │    │          └ 280
           │    └ <function BaseProcess._bootstrap at 0x000001FF7BBAE1F0>
           └ <SpawnProcess name='SpawnProcess-1' parent=24488 started>
  File "C:\Python314\Lib\multiprocessing\process.py", line 320, in _bootstrap
    self.run()
    │    └ <function BaseProcess.run at 0x000001FF7BBAD590>
    └ <SpawnProcess name='SpawnProcess-1' parent=24488 started>
  File "C:\Python314\Lib\multiprocessing\process.py", line 108, in run
    self._target(*self._args, **self._kwargs)
    │    │        │    │        │    └ {'config': <uvicorn.config.Config object at 0x000001FF7E77A120>, 'target': <bound method Server.run of <uvicorn.server.Server...
    │    │        │    │        └ <SpawnProcess name='SpawnProcess-1' parent=24488 started>
    │    │        │    └ ()
    │    │        └ <SpawnProcess name='SpawnProcess-1' parent=24488 started>
    │    └ <function subprocess_started at 0x000001FF7E826980>
    └ <SpawnProcess name='SpawnProcess-1' parent=24488 started>
  File "D:\SUNIL KUMAWAT\New_popup\venv\Lib\site-packages\uvicorn\_subprocess.py", line 80, in subprocess_started
    target(sockets=sockets)
    │              └ [<socket.socket [closed] fd=-1, family=2, type=1, proto=6>]
    └ <bound method Server.run of <uvicorn.server.Server object at 0x000001FF7E77A270>>
  File "D:\SUNIL KUMAWAT\New_popup\venv\Lib\site-packages\uvicorn\server.py", line 75, in run
    return asyncio_run(self.serve(sockets=sockets), loop_factory=self.config.get_loop_factory())
           │           │    │             │                      │    │      └ <function Config.get_loop_factory at 0x000001FF7E7CD2D0>
           │           │    │             │                      │    └ <uvicorn.config.Config object at 0x000001FF7E77A120>
           │           │    │             │                      └ <uvicorn.server.Server object at 0x000001FF7E77A270>
           │           │    │             └ [<socket.socket [closed] fd=-1, family=2, type=1, proto=6>]
           │           │    └ <function Server.serve at 0x000001FF7E824880>
           │           └ <uvicorn.server.Server object at 0x000001FF7E77A270>
           └ <function run at 0x000001FF7E3B4E00>
  File "C:\Python314\Lib\asyncio\runners.py", line 203, in run
    with Runner(debug=debug, loop_factory=loop_factory) as runner:
         │            │                   │                └ <asyncio.runners.Runner object at 0x000001FF7E77B0E0>
         │            │                   └ <class 'asyncio.windows_events._WindowsSelectorEventLoop'>
         │            └ None
         └ <class 'asyncio.runners.Runner'>
  File "C:\Python314\Lib\asyncio\runners.py", line 63, in __exit__
    self.close()
    │    └ <function Runner.close at 0x000001FF7E3B50C0>
    └ <asyncio.runners.Runner object at 0x000001FF7E77B0E0>
  File "C:\Python314\Lib\asyncio\runners.py", line 71, in close
    _cancel_all_tasks(loop)
    │                 └ <_WindowsSelectorEventLoop running=True closed=False debug=False>
    └ <function _cancel_all_tasks at 0x000001FF7E3B5430>
  File "C:\Python314\Lib\asyncio\runners.py", line 215, in _cancel_all_tasks
    loop.run_until_complete(tasks.gather(*to_cancel, return_exceptions=True))
    │    │                  │     │       └ {<Task finished name='Task-2' coro=<LifespanOn.main() done, defined at D:\SUNIL KUMAWAT\New_popup\venv\Lib\site-packages\uvic...
    │    │                  │     └ <function gather at 0x000001FF7E3BD6F0>
    │    │                  └ <module 'asyncio.tasks' from 'C:\\Python314\\Lib\\asyncio\\tasks.py'>
    │    └ <function BaseEventLoop.run_until_complete at 0x000001FF7E3B9590>
    └ <_WindowsSelectorEventLoop running=True closed=False debug=False>
  File "C:\Python314\Lib\asyncio\base_events.py", line 706, in run_until_complete
    self.run_forever()
    │    └ <function BaseEventLoop.run_forever at 0x000001FF7E3B94E0>
    └ <_WindowsSelectorEventLoop running=True closed=False debug=False>
  File "C:\Python314\Lib\asyncio\base_events.py", line 677, in run_forever
    self._run_once()
    │    └ <function BaseEventLoop._run_once at 0x000001FF7E3BB5E0>
    └ <_WindowsSelectorEventLoop running=True closed=False debug=False>
  File "C:\Python314\Lib\asyncio\base_events.py", line 2046, in _run_once
    handle._run()
    │      └ <function Handle._run at 0x000001FF7CB2F1C0>
    └ <Handle Task.task_wakeup()>
  File "C:\Python314\Lib\asyncio\events.py", line 94, in _run
    self._context.run(self._callback, *self._args)
    │    │            │    │           │    └ <member '_args' of 'Handle' objects>
    │    │            │    │           └ <Handle Task.task_wakeup()>
    │    │            │    └ <member '_callback' of 'Handle' objects>
    │    │            └ <Handle Task.task_wakeup()>
    │    └ <member '_context' of 'Handle' objects>
    └ <Handle Task.task_wakeup()>
> File "D:\SUNIL KUMAWAT\New_popup\venv\Lib\site-packages\uvicorn\protocols\http\h11_impl.py", line 415, in run_asgi
    result = await app(  # type: ignore[func-returns-value]
                   └ <uvicorn.middleware.proxy_headers.ProxyHeadersMiddleware object at 0x000001FF01E14EC0>
  File "D:\SUNIL KUMAWAT\New_popup\venv\Lib\site-packages\uvicorn\middleware\proxy_headers.py", line 62, in __call__
    return await self.app(scope, receive, send)
                 │    │   │      │        └ <bound method RequestResponseCycle.send of <uvicorn.protocols.http.h11_impl.RequestResponseCycle object at 0x000001FF04442490>>
                 │    │   │      └ <bound method RequestResponseCycle.receive of <uvicorn.protocols.http.h11_impl.RequestResponseCycle object at 0x000001FF04442...
                 │    │   └ {'type': 'http', 'asgi': {'version': '3.0', 'spec_version': '2.3'}, 'http_version': '1.1', 'server': ('192.168.15.52', 8000),...
                 │    └ <fastapi.applications.FastAPI object at 0x000001FF01D0FB60>
                 └ <uvicorn.middleware.proxy_headers.ProxyHeadersMiddleware object at 0x000001FF01E14EC0>
  File "D:\SUNIL KUMAWAT\New_popup\venv\Lib\site-packages\fastapi\applications.py", line 1159, in __call__
    await super().__call__(scope, receive, send)
                           │      │        └ <bound method RequestResponseCycle.send of <uvicorn.protocols.http.h11_impl.RequestResponseCycle object at 0x000001FF04442490>>
                           │      └ <bound method RequestResponseCycle.receive of <uvicorn.protocols.http.h11_impl.RequestResponseCycle object at 0x000001FF04442...
                           └ {'type': 'http', 'asgi': {'version': '3.0', 'spec_version': '2.3'}, 'http_version': '1.1', 'server': ('192.168.15.52', 8000),...
  File "D:\SUNIL KUMAWAT\New_popup\venv\Lib\site-packages\starlette\applications.py", line 90, in __call__
    await self.middleware_stack(scope, receive, send)
          │    │                │      │        └ <bound method RequestResponseCycle.send of <uvicorn.protocols.http.h11_impl.RequestResponseCycle object at 0x000001FF04442490>>
          │    │                │      └ <bound method RequestResponseCycle.receive of <uvicorn.protocols.http.h11_impl.RequestResponseCycle object at 0x000001FF04442...
          │    │                └ {'type': 'http', 'asgi': {'version': '3.0', 'spec_version': '2.3'}, 'http_version': '1.1', 'server': ('192.168.15.52', 8000),...
          │    └ <starlette.middleware.errors.ServerErrorMiddleware object at 0x000001FF01E15BE0>
          └ <fastapi.applications.FastAPI object at 0x000001FF01D0FB60>
  File "D:\SUNIL KUMAWAT\New_popup\venv\Lib\site-packages\starlette\middleware\errors.py", line 164, in __call__
    await self.app(scope, receive, _send)
          │    │   │      │        └ <function ServerErrorMiddleware.__call__.<locals>._send at 0x000001FF044ACCA0>
          │    │   │      └ <bound method RequestResponseCycle.receive of <uvicorn.protocols.http.h11_impl.RequestResponseCycle object at 0x000001FF04442...
          │    │   └ {'type': 'http', 'asgi': {'version': '3.0', 'spec_version': '2.3'}, 'http_version': '1.1', 'server': ('192.168.15.52', 8000),...
          │    └ <starlette.middleware.cors.CORSMiddleware object at 0x000001FF01E15A90>
          └ <starlette.middleware.errors.ServerErrorMiddleware object at 0x000001FF01E15BE0>
  File "D:\SUNIL KUMAWAT\New_popup\venv\Lib\site-packages\starlette\middleware\cors.py", line 88, in __call__
    await self.app(scope, receive, send)
          │    │   │      │        └ <function ServerErrorMiddleware.__call__.<locals>._send at 0x000001FF044ACCA0>
          │    │   │      └ <bound method RequestResponseCycle.receive of <uvicorn.protocols.http.h11_impl.RequestResponseCycle object at 0x000001FF04442...
          │    │   └ {'type': 'http', 'asgi': {'version': '3.0', 'spec_version': '2.3'}, 'http_version': '1.1', 'server': ('192.168.15.52', 8000),...
          │    └ <starlette.middleware.exceptions.ExceptionMiddleware object at 0x000001FF01E15940>
          └ <starlette.middleware.cors.CORSMiddleware object at 0x000001FF01E15A90>
  File "D:\SUNIL KUMAWAT\New_popup\venv\Lib\site-packages\starlette\middleware\exceptions.py", line 63, in __call__
    await wrap_app_handling_exceptions(self.app, conn)(scope, receive, send)
          │                            │    │    │     │      │        └ <function ServerErrorMiddleware.__call__.<locals>._send at 0x000001FF044ACCA0>
          │                            │    │    │     │      └ <bound method RequestResponseCycle.receive of <uvicorn.protocols.http.h11_impl.RequestResponseCycle object at 0x000001FF04442...
          │                            │    │    │     └ {'type': 'http', 'asgi': {'version': '3.0', 'spec_version': '2.3'}, 'http_version': '1.1', 'server': ('192.168.15.52', 8000),...
          │                            │    │    └ <starlette.requests.Request object at 0x000001FF042D7820>
          │                            │    └ <fastapi.middleware.asyncexitstack.AsyncExitStackMiddleware object at 0x000001FF01E156A0>
          │                            └ <starlette.middleware.exceptions.ExceptionMiddleware object at 0x000001FF01E15940>
          └ <function wrap_app_handling_exceptions at 0x000001FF7F1D3A00>
  File "D:\SUNIL KUMAWAT\New_popup\venv\Lib\site-packages\starlette\_exception_handler.py", line 42, in wrapped_app
    await app(scope, receive, sender)
          │   │      │        └ <function wrap_app_handling_exceptions.<locals>.wrapped_app.<locals>.sender at 0x000001FF044ACF60>
          │   │      └ <bound method RequestResponseCycle.receive of <uvicorn.protocols.http.h11_impl.RequestResponseCycle object at 0x000001FF04442...
          │   └ {'type': 'http', 'asgi': {'version': '3.0', 'spec_version': '2.3'}, 'http_version': '1.1', 'server': ('192.168.15.52', 8000),...
          └ <fastapi.middleware.asyncexitstack.AsyncExitStackMiddleware object at 0x000001FF01E156A0>
  File "D:\SUNIL KUMAWAT\New_popup\venv\Lib\site-packages\fastapi\middleware\asyncexitstack.py", line 18, in __call__
    await self.app(scope, receive, send)
          │    │   │      │        └ <function wrap_app_handling_exceptions.<locals>.wrapped_app.<locals>.sender at 0x000001FF044ACF60>
          │    │   │      └ <bound method RequestResponseCycle.receive of <uvicorn.protocols.http.h11_impl.RequestResponseCycle object at 0x000001FF04442...
          │    │   └ {'type': 'http', 'asgi': {'version': '3.0', 'spec_version': '2.3'}, 'http_version': '1.1', 'server': ('192.168.15.52', 8000),...
          │    └ <fastapi.routing.APIRouter object at 0x000001FF01DEA0D0>
          └ <fastapi.middleware.asyncexitstack.AsyncExitStackMiddleware object at 0x000001FF01E156A0>
  File "D:\SUNIL KUMAWAT\New_popup\venv\Lib\site-packages\starlette\routing.py", line 660, in __call__
    await self.middleware_stack(scope, receive, send)
          │    │                │      │        └ <function wrap_app_handling_exceptions.<locals>.wrapped_app.<locals>.sender at 0x000001FF044ACF60>
          │    │                │      └ <bound method RequestResponseCycle.receive of <uvicorn.protocols.http.h11_impl.RequestResponseCycle object at 0x000001FF04442...
          │    │                └ {'type': 'http', 'asgi': {'version': '3.0', 'spec_version': '2.3'}, 'http_version': '1.1', 'server': ('192.168.15.52', 8000),...
          │    └ <bound method Router.app of <fastapi.routing.APIRouter object at 0x000001FF01DEA0D0>>
          └ <fastapi.routing.APIRouter object at 0x000001FF01DEA0D0>
  File "D:\SUNIL KUMAWAT\New_popup\venv\Lib\site-packages\starlette\routing.py", line 680, in app
    await route.handle(scope, receive, send)
          │     │      │      │        └ <function wrap_app_handling_exceptions.<locals>.wrapped_app.<locals>.sender at 0x000001FF044ACF60>
          │     │      │      └ <bound method RequestResponseCycle.receive of <uvicorn.protocols.http.h11_impl.RequestResponseCycle object at 0x000001FF04442...
          │     │      └ {'type': 'http', 'asgi': {'version': '3.0', 'spec_version': '2.3'}, 'http_version': '1.1', 'server': ('192.168.15.52', 8000),...
          │     └ <function Route.handle at 0x000001FF7F1F64B0>
          └ APIRoute(path='/api/audio/{filename}', name='get_audio', methods=['GET'])
  File "D:\SUNIL KUMAWAT\New_popup\venv\Lib\site-packages\starlette\routing.py", line 276, in handle
    await self.app(scope, receive, send)
          │    │   │      │        └ <function wrap_app_handling_exceptions.<locals>.wrapped_app.<locals>.sender at 0x000001FF044ACF60>
          │    │   │      └ <bound method RequestResponseCycle.receive of <uvicorn.protocols.http.h11_impl.RequestResponseCycle object at 0x000001FF04442...
          │    │   └ {'type': 'http', 'asgi': {'version': '3.0', 'spec_version': '2.3'}, 'http_version': '1.1', 'server': ('192.168.15.52', 8000),...
          │    └ <function request_response.<locals>.app at 0x000001FF01DFB3D0>
          └ APIRoute(path='/api/audio/{filename}', name='get_audio', methods=['GET'])
  File "D:\SUNIL KUMAWAT\New_popup\venv\Lib\site-packages\fastapi\routing.py", line 134, in app
    await wrap_app_handling_exceptions(app, request)(scope, receive, send)
          │                            │    │        │      │        └ <function wrap_app_handling_exceptions.<locals>.wrapped_app.<locals>.sender at 0x000001FF044ACF60>
          │                            │    │        │      └ <bound method RequestResponseCycle.receive of <uvicorn.protocols.http.h11_impl.RequestResponseCycle object at 0x000001FF04442...
          │                            │    │        └ {'type': 'http', 'asgi': {'version': '3.0', 'spec_version': '2.3'}, 'http_version': '1.1', 'server': ('192.168.15.52', 8000),...
          │                            │    └ <starlette.requests.Request object at 0x000001FF04402330>
          │                            └ <function request_response.<locals>.app.<locals>.app at 0x000001FF044AD0C0>
          └ <function wrap_app_handling_exceptions at 0x000001FF7F1D3A00>
  File "D:\SUNIL KUMAWAT\New_popup\venv\Lib\site-packages\starlette\_exception_handler.py", line 42, in wrapped_app
    await app(scope, receive, sender)
          │   │      │        └ <function wrap_app_handling_exceptions.<locals>.wrapped_app.<locals>.sender at 0x000001FF044AD380>
          │   │      └ <bound method RequestResponseCycle.receive of <uvicorn.protocols.http.h11_impl.RequestResponseCycle object at 0x000001FF04442...
          │   └ {'type': 'http', 'asgi': {'version': '3.0', 'spec_version': '2.3'}, 'http_version': '1.1', 'server': ('192.168.15.52', 8000),...
          └ <function request_response.<locals>.app.<locals>.app at 0x000001FF044AD0C0>
  File "D:\SUNIL KUMAWAT\New_popup\venv\Lib\site-packages\fastapi\routing.py", line 121, in app
    await response(scope, receive, send)
          │        │      │        └ <function wrap_app_handling_exceptions.<locals>.wrapped_app.<locals>.sender at 0x000001FF044AD380>
          │        │      └ <bound method RequestResponseCycle.receive of <uvicorn.protocols.http.h11_impl.RequestResponseCycle object at 0x000001FF04442...
          │        └ {'type': 'http', 'asgi': {'version': '3.0', 'spec_version': '2.3'}, 'http_version': '1.1', 'server': ('192.168.15.52', 8000),...
          └ <starlette.responses.FileResponse object at 0x000001FF04443250>
  File "D:\SUNIL KUMAWAT\New_popup\venv\Lib\site-packages\starlette\responses.py", line 383, in __call__
    await self.background()
          │    └ <fastapi.background.BackgroundTasks object at 0x000001FF04442E90>
          └ <starlette.responses.FileResponse object at 0x000001FF04443250>
  File "D:\SUNIL KUMAWAT\New_popup\venv\Lib\site-packages\starlette\background.py", line 36, in __call__
    await task()
          └ <starlette.background.BackgroundTask object at 0x000001FF04443110>
  File "D:\SUNIL KUMAWAT\New_popup\venv\Lib\site-packages\starlette\background.py", line 21, in __call__
    await self.func(*self.args, **self.kwargs)
          │    │     │    │       │    └ {}
          │    │     │    │       └ <starlette.background.BackgroundTask object at 0x000001FF04443110>
          │    │     │    └ ('static\\audio\\tts_6cc909aea2de40b4847072190ac139b0.mp3', 300)
          │    │     └ <starlette.background.BackgroundTask object at 0x000001FF04443110>
          │    └ <function delayed_delete at 0x000001FF0166CA90>
          └ <starlette.background.BackgroundTask object at 0x000001FF04443110>

  File "D:\SUNIL KUMAWAT\New_popup\services\tts_service.py", line 48, in delayed_delete
    await asyncio.sleep(delay_seconds)
          │       │     └ 300
          │       └ <function sleep at 0x000001FF7E3BD590>
          └ <module 'asyncio' from 'C:\\Python314\\Lib\\asyncio\\__init__.py'>

  File "C:\Python314\Lib\asyncio\tasks.py", line 702, in sleep
    return await future
                 └ <Future cancelled>

asyncio.exceptions.CancelledError
2026-06-15 14:42:44.140 | ERROR    | logging:callHandlers:1737 - Exception in ASGI application

Traceback (most recent call last):

  File "C:\Python314\Lib\asyncio\runners.py", line 204, in run
    return runner.run(main)
           │      │   └ <coroutine object Server.serve at 0x000001FF7E860400>
           │      └ <function Runner.run at 0x000001FF7E3B5220>
           └ <asyncio.runners.Runner object at 0x000001FF7E77B0E0>
  File "C:\Python314\Lib\asyncio\runners.py", line 127, in run
    return self._loop.run_until_complete(task)
           │    │     │                  └ <Task finished name='Task-1' coro=<Server.serve() done, defined at D:\SUNIL KUMAWAT\New_popup\venv\Lib\site-packages\uvicorn\...
           │    │     └ <function BaseEventLoop.run_until_complete at 0x000001FF7E3B9590>
           │    └ <_WindowsSelectorEventLoop running=True closed=False debug=False>
           └ <asyncio.runners.Runner object at 0x000001FF7E77B0E0>
  File "C:\Python314\Lib\asyncio\base_events.py", line 706, in run_until_complete
    self.run_forever()
    │    └ <function BaseEventLoop.run_forever at 0x000001FF7E3B94E0>
    └ <_WindowsSelectorEventLoop running=True closed=False debug=False>
  File "C:\Python314\Lib\asyncio\base_events.py", line 677, in run_forever
    self._run_once()
    │    └ <function BaseEventLoop._run_once at 0x000001FF7E3BB5E0>
    └ <_WindowsSelectorEventLoop running=True closed=False debug=False>
  File "C:\Python314\Lib\asyncio\base_events.py", line 2046, in _run_once
    handle._run()
    │      └ <function Handle._run at 0x000001FF7CB2F1C0>
    └ <Handle Task.task_wakeup()>
  File "C:\Python314\Lib\asyncio\events.py", line 94, in _run
    self._context.run(self._callback, *self._args)
    │    │            │    │           │    └ <member '_args' of 'Handle' objects>
    │    │            │    │           └ <Handle Task.task_wakeup()>
    │    │            │    └ <member '_callback' of 'Handle' objects>
    │    │            └ <Handle Task.task_wakeup()>
    │    └ <member '_context' of 'Handle' objects>
    └ <Handle Task.task_wakeup()>
  File "D:\SUNIL KUMAWAT\New_popup\venv\Lib\site-packages\uvicorn\server.py", line 78, in serve
    with self.capture_signals():
         │    └ <function Server.capture_signals at 0x000001FF7E825430>
         └ <uvicorn.server.Server object at 0x000001FF7E77A270>
  File "C:\Python314\Lib\contextlib.py", line 148, in __exit__
    next(self.gen)
         │    └ <generator object Server.capture_signals at 0x000001FF7E89CE10>
         └ <contextlib._GeneratorContextManager object at 0x000001FF7E77B620>
  File "D:\SUNIL KUMAWAT\New_popup\venv\Lib\site-packages\uvicorn\server.py", line 339, in capture_signals
    signal.raise_signal(captured_signal)
    │      │            └ 2
    │      └ <built-in function raise_signal>
    └ <module 'signal' from 'C:\\Python314\\Lib\\signal.py'>
  File "C:\Python314\Lib\asyncio\runners.py", line 166, in _on_sigint
    raise KeyboardInterrupt()

KeyboardInterrupt


During handling of the above exception, another exception occurred:


Traceback (most recent call last):

  File "<string>", line 1, in <module>
  File "C:\Python314\Lib\multiprocessing\spawn.py", line 122, in spawn_main
    exitcode = _main(fd, parent_sentinel)
               │     │   └ 280
               │     └ 3
               └ <function _main at 0x000001FF7BCF81A0>
  File "C:\Python314\Lib\multiprocessing\spawn.py", line 135, in _main
    return self._bootstrap(parent_sentinel)
           │    │          └ 280
           │    └ <function BaseProcess._bootstrap at 0x000001FF7BBAE1F0>
           └ <SpawnProcess name='SpawnProcess-1' parent=24488 started>
  File "C:\Python314\Lib\multiprocessing\process.py", line 320, in _bootstrap
    self.run()
    │    └ <function BaseProcess.run at 0x000001FF7BBAD590>
    └ <SpawnProcess name='SpawnProcess-1' parent=24488 started>
  File "C:\Python314\Lib\multiprocessing\process.py", line 108, in run
    self._target(*self._args, **self._kwargs)
    │    │        │    │        │    └ {'config': <uvicorn.config.Config object at 0x000001FF7E77A120>, 'target': <bound method Server.run of <uvicorn.server.Server...
    │    │        │    │        └ <SpawnProcess name='SpawnProcess-1' parent=24488 started>
    │    │        │    └ ()
    │    │        └ <SpawnProcess name='SpawnProcess-1' parent=24488 started>
    │    └ <function subprocess_started at 0x000001FF7E826980>
    └ <SpawnProcess name='SpawnProcess-1' parent=24488 started>
  File "D:\SUNIL KUMAWAT\New_popup\venv\Lib\site-packages\uvicorn\_subprocess.py", line 80, in subprocess_started
    target(sockets=sockets)
    │              └ [<socket.socket [closed] fd=-1, family=2, type=1, proto=6>]
    └ <bound method Server.run of <uvicorn.server.Server object at 0x000001FF7E77A270>>
  File "D:\SUNIL KUMAWAT\New_popup\venv\Lib\site-packages\uvicorn\server.py", line 75, in run
    return asyncio_run(self.serve(sockets=sockets), loop_factory=self.config.get_loop_factory())
           │           │    │             │                      │    │      └ <function Config.get_loop_factory at 0x000001FF7E7CD2D0>
           │           │    │             │                      │    └ <uvicorn.config.Config object at 0x000001FF7E77A120>
           │           │    │             │                      └ <uvicorn.server.Server object at 0x000001FF7E77A270>
           │           │    │             └ [<socket.socket [closed] fd=-1, family=2, type=1, proto=6>]
           │           │    └ <function Server.serve at 0x000001FF7E824880>
           │           └ <uvicorn.server.Server object at 0x000001FF7E77A270>
           └ <function run at 0x000001FF7E3B4E00>
  File "C:\Python314\Lib\asyncio\runners.py", line 203, in run
    with Runner(debug=debug, loop_factory=loop_factory) as runner:
         │            │                   │                └ <asyncio.runners.Runner object at 0x000001FF7E77B0E0>
         │            │                   └ <class 'asyncio.windows_events._WindowsSelectorEventLoop'>
         │            └ None
         └ <class 'asyncio.runners.Runner'>
  File "C:\Python314\Lib\asyncio\runners.py", line 63, in __exit__
    self.close()
    │    └ <function Runner.close at 0x000001FF7E3B50C0>
    └ <asyncio.runners.Runner object at 0x000001FF7E77B0E0>
  File "C:\Python314\Lib\asyncio\runners.py", line 71, in close
    _cancel_all_tasks(loop)
    │                 └ <_WindowsSelectorEventLoop running=True closed=False debug=False>
    └ <function _cancel_all_tasks at 0x000001FF7E3B5430>
  File "C:\Python314\Lib\asyncio\runners.py", line 215, in _cancel_all_tasks
    loop.run_until_complete(tasks.gather(*to_cancel, return_exceptions=True))
    │    │                  │     │       └ {<Task finished name='Task-2' coro=<LifespanOn.main() done, defined at D:\SUNIL KUMAWAT\New_popup\venv\Lib\site-packages\uvic...
    │    │                  │     └ <function gather at 0x000001FF7E3BD6F0>
    │    │                  └ <module 'asyncio.tasks' from 'C:\\Python314\\Lib\\asyncio\\tasks.py'>
    │    └ <function BaseEventLoop.run_until_complete at 0x000001FF7E3B9590>
    └ <_WindowsSelectorEventLoop running=True closed=False debug=False>
  File "C:\Python314\Lib\asyncio\base_events.py", line 706, in run_until_complete
    self.run_forever()
    │    └ <function BaseEventLoop.run_forever at 0x000001FF7E3B94E0>
    └ <_WindowsSelectorEventLoop running=True closed=False debug=False>
  File "C:\Python314\Lib\asyncio\base_events.py", line 677, in run_forever
    self._run_once()
    │    └ <function BaseEventLoop._run_once at 0x000001FF7E3BB5E0>
    └ <_WindowsSelectorEventLoop running=True closed=False debug=False>
  File "C:\Python314\Lib\asyncio\base_events.py", line 2046, in _run_once
    handle._run()
    │      └ <function Handle._run at 0x000001FF7CB2F1C0>
    └ <Handle Task.task_wakeup()>
  File "C:\Python314\Lib\asyncio\events.py", line 94, in _run
    self._context.run(self._callback, *self._args)
    │    │            │    │           │    └ <member '_args' of 'Handle' objects>
    │    │            │    │           └ <Handle Task.task_wakeup()>
    │    │            │    └ <member '_callback' of 'Handle' objects>
    │    │            └ <Handle Task.task_wakeup()>
    │    └ <member '_context' of 'Handle' objects>
    └ <Handle Task.task_wakeup()>
> File "D:\SUNIL KUMAWAT\New_popup\venv\Lib\site-packages\uvicorn\protocols\http\h11_impl.py", line 415, in run_asgi
    result = await app(  # type: ignore[func-returns-value]
                   └ <uvicorn.middleware.proxy_headers.ProxyHeadersMiddleware object at 0x000001FF01E14EC0>
  File "D:\SUNIL KUMAWAT\New_popup\venv\Lib\site-packages\uvicorn\middleware\proxy_headers.py", line 62, in __call__
    return await self.app(scope, receive, send)
                 │    │   │      │        └ <bound method RequestResponseCycle.send of <uvicorn.protocols.http.h11_impl.RequestResponseCycle object at 0x000001FF044407D0>>
                 │    │   │      └ <bound method RequestResponseCycle.receive of <uvicorn.protocols.http.h11_impl.RequestResponseCycle object at 0x000001FF04440...
                 │    │   └ {'type': 'http', 'asgi': {'version': '3.0', 'spec_version': '2.3'}, 'http_version': '1.1', 'server': ('192.168.15.52', 8000),...
                 │    └ <fastapi.applications.FastAPI object at 0x000001FF01D0FB60>
                 └ <uvicorn.middleware.proxy_headers.ProxyHeadersMiddleware object at 0x000001FF01E14EC0>
  File "D:\SUNIL KUMAWAT\New_popup\venv\Lib\site-packages\fastapi\applications.py", line 1159, in __call__
    await super().__call__(scope, receive, send)
                           │      │        └ <bound method RequestResponseCycle.send of <uvicorn.protocols.http.h11_impl.RequestResponseCycle object at 0x000001FF044407D0>>
                           │      └ <bound method RequestResponseCycle.receive of <uvicorn.protocols.http.h11_impl.RequestResponseCycle object at 0x000001FF04440...
                           └ {'type': 'http', 'asgi': {'version': '3.0', 'spec_version': '2.3'}, 'http_version': '1.1', 'server': ('192.168.15.52', 8000),...
  File "D:\SUNIL KUMAWAT\New_popup\venv\Lib\site-packages\starlette\applications.py", line 90, in __call__
    await self.middleware_stack(scope, receive, send)
          │    │                │      │        └ <bound method RequestResponseCycle.send of <uvicorn.protocols.http.h11_impl.RequestResponseCycle object at 0x000001FF044407D0>>
          │    │                │      └ <bound method RequestResponseCycle.receive of <uvicorn.protocols.http.h11_impl.RequestResponseCycle object at 0x000001FF04440...
          │    │                └ {'type': 'http', 'asgi': {'version': '3.0', 'spec_version': '2.3'}, 'http_version': '1.1', 'server': ('192.168.15.52', 8000),...
          │    └ <starlette.middleware.errors.ServerErrorMiddleware object at 0x000001FF01E15BE0>
          └ <fastapi.applications.FastAPI object at 0x000001FF01D0FB60>
  File "D:\SUNIL KUMAWAT\New_popup\venv\Lib\site-packages\starlette\middleware\errors.py", line 164, in __call__
    await self.app(scope, receive, _send)
          │    │   │      │        └ <function ServerErrorMiddleware.__call__.<locals>._send at 0x000001FF02780D50>
          │    │   │      └ <bound method RequestResponseCycle.receive of <uvicorn.protocols.http.h11_impl.RequestResponseCycle object at 0x000001FF04440...
          │    │   └ {'type': 'http', 'asgi': {'version': '3.0', 'spec_version': '2.3'}, 'http_version': '1.1', 'server': ('192.168.15.52', 8000),...
          │    └ <starlette.middleware.cors.CORSMiddleware object at 0x000001FF01E15A90>
          └ <starlette.middleware.errors.ServerErrorMiddleware object at 0x000001FF01E15BE0>
  File "D:\SUNIL KUMAWAT\New_popup\venv\Lib\site-packages\starlette\middleware\cors.py", line 88, in __call__
    await self.app(scope, receive, send)
          │    │   │      │        └ <function ServerErrorMiddleware.__call__.<locals>._send at 0x000001FF02780D50>
          │    │   │      └ <bound method RequestResponseCycle.receive of <uvicorn.protocols.http.h11_impl.RequestResponseCycle object at 0x000001FF04440...
          │    │   └ {'type': 'http', 'asgi': {'version': '3.0', 'spec_version': '2.3'}, 'http_version': '1.1', 'server': ('192.168.15.52', 8000),...
          │    └ <starlette.middleware.exceptions.ExceptionMiddleware object at 0x000001FF01E15940>
          └ <starlette.middleware.cors.CORSMiddleware object at 0x000001FF01E15A90>
  File "D:\SUNIL KUMAWAT\New_popup\venv\Lib\site-packages\starlette\middleware\exceptions.py", line 63, in __call__
    await wrap_app_handling_exceptions(self.app, conn)(scope, receive, send)
          │                            │    │    │     │      │        └ <function ServerErrorMiddleware.__call__.<locals>._send at 0x000001FF02780D50>
          │                            │    │    │     │      └ <bound method RequestResponseCycle.receive of <uvicorn.protocols.http.h11_impl.RequestResponseCycle object at 0x000001FF04440...
          │                            │    │    │     └ {'type': 'http', 'asgi': {'version': '3.0', 'spec_version': '2.3'}, 'http_version': '1.1', 'server': ('192.168.15.52', 8000),...
          │                            │    │    └ <starlette.requests.Request object at 0x000001FF04440A50>
          │                            │    └ <fastapi.middleware.asyncexitstack.AsyncExitStackMiddleware object at 0x000001FF01E156A0>
          │                            └ <starlette.middleware.exceptions.ExceptionMiddleware object at 0x000001FF01E15940>
          └ <function wrap_app_handling_exceptions at 0x000001FF7F1D3A00>
  File "D:\SUNIL KUMAWAT\New_popup\venv\Lib\site-packages\starlette\_exception_handler.py", line 42, in wrapped_app
    await app(scope, receive, sender)
          │   │      │        └ <function wrap_app_handling_exceptions.<locals>.wrapped_app.<locals>.sender at 0x000001FF7FADDF30>
          │   │      └ <bound method RequestResponseCycle.receive of <uvicorn.protocols.http.h11_impl.RequestResponseCycle object at 0x000001FF04440...
          │   └ {'type': 'http', 'asgi': {'version': '3.0', 'spec_version': '2.3'}, 'http_version': '1.1', 'server': ('192.168.15.52', 8000),...
          └ <fastapi.middleware.asyncexitstack.AsyncExitStackMiddleware object at 0x000001FF01E156A0>
  File "D:\SUNIL KUMAWAT\New_popup\venv\Lib\site-packages\fastapi\middleware\asyncexitstack.py", line 18, in __call__
    await self.app(scope, receive, send)
          │    │   │      │        └ <function wrap_app_handling_exceptions.<locals>.wrapped_app.<locals>.sender at 0x000001FF7FADDF30>
          │    │   │      └ <bound method RequestResponseCycle.receive of <uvicorn.protocols.http.h11_impl.RequestResponseCycle object at 0x000001FF04440...
          │    │   └ {'type': 'http', 'asgi': {'version': '3.0', 'spec_version': '2.3'}, 'http_version': '1.1', 'server': ('192.168.15.52', 8000),...
          │    └ <fastapi.routing.APIRouter object at 0x000001FF01DEA0D0>
          └ <fastapi.middleware.asyncexitstack.AsyncExitStackMiddleware object at 0x000001FF01E156A0>
  File "D:\SUNIL KUMAWAT\New_popup\venv\Lib\site-packages\starlette\routing.py", line 660, in __call__
    await self.middleware_stack(scope, receive, send)
          │    │                │      │        └ <function wrap_app_handling_exceptions.<locals>.wrapped_app.<locals>.sender at 0x000001FF7FADDF30>
          │    │                │      └ <bound method RequestResponseCycle.receive of <uvicorn.protocols.http.h11_impl.RequestResponseCycle object at 0x000001FF04440...
          │    │                └ {'type': 'http', 'asgi': {'version': '3.0', 'spec_version': '2.3'}, 'http_version': '1.1', 'server': ('192.168.15.52', 8000),...
          │    └ <bound method Router.app of <fastapi.routing.APIRouter object at 0x000001FF01DEA0D0>>
          └ <fastapi.routing.APIRouter object at 0x000001FF01DEA0D0>
  File "D:\SUNIL KUMAWAT\New_popup\venv\Lib\site-packages\starlette\routing.py", line 680, in app
    await route.handle(scope, receive, send)
          │     │      │      │        └ <function wrap_app_handling_exceptions.<locals>.wrapped_app.<locals>.sender at 0x000001FF7FADDF30>
          │     │      │      └ <bound method RequestResponseCycle.receive of <uvicorn.protocols.http.h11_impl.RequestResponseCycle object at 0x000001FF04440...
          │     │      └ {'type': 'http', 'asgi': {'version': '3.0', 'spec_version': '2.3'}, 'http_version': '1.1', 'server': ('192.168.15.52', 8000),...
          │     └ <function Route.handle at 0x000001FF7F1F64B0>
          └ APIRoute(path='/api/audio/{filename}', name='get_audio', methods=['GET'])
  File "D:\SUNIL KUMAWAT\New_popup\venv\Lib\site-packages\starlette\routing.py", line 276, in handle
    await self.app(scope, receive, send)
          │    │   │      │        └ <function wrap_app_handling_exceptions.<locals>.wrapped_app.<locals>.sender at 0x000001FF7FADDF30>
          │    │   │      └ <bound method RequestResponseCycle.receive of <uvicorn.protocols.http.h11_impl.RequestResponseCycle object at 0x000001FF04440...
          │    │   └ {'type': 'http', 'asgi': {'version': '3.0', 'spec_version': '2.3'}, 'http_version': '1.1', 'server': ('192.168.15.52', 8000),...
          │    └ <function request_response.<locals>.app at 0x000001FF01DFB3D0>
          └ APIRoute(path='/api/audio/{filename}', name='get_audio', methods=['GET'])
  File "D:\SUNIL KUMAWAT\New_popup\venv\Lib\site-packages\fastapi\routing.py", line 134, in app
    await wrap_app_handling_exceptions(app, request)(scope, receive, send)
          │                            │    │        │      │        └ <function wrap_app_handling_exceptions.<locals>.wrapped_app.<locals>.sender at 0x000001FF7FADDF30>
          │                            │    │        │      └ <bound method RequestResponseCycle.receive of <uvicorn.protocols.http.h11_impl.RequestResponseCycle object at 0x000001FF04440...
          │                            │    │        └ {'type': 'http', 'asgi': {'version': '3.0', 'spec_version': '2.3'}, 'http_version': '1.1', 'server': ('192.168.15.52', 8000),...
          │                            │    └ <starlette.requests.Request object at 0x000001FF042D6780>
          │                            └ <function request_response.<locals>.app.<locals>.app at 0x000001FF7FADFED0>
          └ <function wrap_app_handling_exceptions at 0x000001FF7F1D3A00>
  File "D:\SUNIL KUMAWAT\New_popup\venv\Lib\site-packages\starlette\_exception_handler.py", line 42, in wrapped_app
    await app(scope, receive, sender)
          │   │      │        └ <function wrap_app_handling_exceptions.<locals>.wrapped_app.<locals>.sender at 0x000001FF7FADE1F0>
          │   │      └ <bound method RequestResponseCycle.receive of <uvicorn.protocols.http.h11_impl.RequestResponseCycle object at 0x000001FF04440...
          │   └ {'type': 'http', 'asgi': {'version': '3.0', 'spec_version': '2.3'}, 'http_version': '1.1', 'server': ('192.168.15.52', 8000),...
          └ <function request_response.<locals>.app.<locals>.app at 0x000001FF7FADFED0>
  File "D:\SUNIL KUMAWAT\New_popup\venv\Lib\site-packages\fastapi\routing.py", line 121, in app
    await response(scope, receive, send)
          │        │      │        └ <function wrap_app_handling_exceptions.<locals>.wrapped_app.<locals>.sender at 0x000001FF7FADE1F0>
          │        │      └ <bound method RequestResponseCycle.receive of <uvicorn.protocols.http.h11_impl.RequestResponseCycle object at 0x000001FF04440...
          │        └ {'type': 'http', 'asgi': {'version': '3.0', 'spec_version': '2.3'}, 'http_version': '1.1', 'server': ('192.168.15.52', 8000),...
          └ <starlette.responses.FileResponse object at 0x000001FF02759940>
  File "D:\SUNIL KUMAWAT\New_popup\venv\Lib\site-packages\starlette\responses.py", line 383, in __call__
    await self.background()
          │    └ <fastapi.background.BackgroundTasks object at 0x000001FF01E15550>
          └ <starlette.responses.FileResponse object at 0x000001FF02759940>
  File "D:\SUNIL KUMAWAT\New_popup\venv\Lib\site-packages\starlette\background.py", line 36, in __call__
    await task()
          └ <starlette.background.BackgroundTask object at 0x000001FF02759E80>
  File "D:\SUNIL KUMAWAT\New_popup\venv\Lib\site-packages\starlette\background.py", line 21, in __call__
    await self.func(*self.args, **self.kwargs)
          │    │     │    │       │    └ {}
          │    │     │    │       └ <starlette.background.BackgroundTask object at 0x000001FF02759E80>
          │    │     │    └ ('static\\audio\\tts_ad7e6f2f93024fa185ea6d7026929bf4.mp3', 300)
          │    │     └ <starlette.background.BackgroundTask object at 0x000001FF02759E80>
          │    └ <function delayed_delete at 0x000001FF0166CA90>
          └ <starlette.background.BackgroundTask object at 0x000001FF02759E80>

  File "D:\SUNIL KUMAWAT\New_popup\services\tts_service.py", line 48, in delayed_delete
    await asyncio.sleep(delay_seconds)
          │       │     └ 300
          │       └ <function sleep at 0x000001FF7E3BD590>
          └ <module 'asyncio' from 'C:\\Python314\\Lib\\asyncio\\__init__.py'>

  File "C:\Python314\Lib\asyncio\tasks.py", line 702, in sleep
    return await future
                 └ <Future cancelled>

asyncio.exceptions.CancelledError
2026-06-15 14:42:44.431 | INFO     | logging:callHandlers:1737 - Stopping reloader process [24488]
2026-06-15 15:11:39.369 | INFO     | logging:callHandlers:1737 - Uvicorn running on http://0.0.0.0:8000 (Press CTRL+C to quit)
2026-06-15 15:11:39.371 | INFO     | logging:callHandlers:1737 - Started reloader process [17816] using StatReload
2026-06-15 15:11:41.885 | INFO     | logging:callHandlers:1737 - Started server process [22724]
2026-06-15 15:11:41.885 | INFO     | logging:callHandlers:1737 - Waiting for application startup.
2026-06-15 15:11:41.886 | INFO     | main:startup:62 - 🚀 SurveyCXM Popup API starting up...
2026-06-15 15:11:42.607 | INFO     | main:startup:65 - ✅ Database pre-warmed successfully
2026-06-15 15:11:42.607 | INFO     | main:startup:70 - 🌐 API is available at: http://127.0.0.1:8000/
2026-06-15 15:11:42.609 | INFO     | logging:callHandlers:1737 - Application startup complete.
2026-06-15 15:11:43.044 | INFO     | logging:callHandlers:1737 - Shutting down
2026-06-15 15:11:43.154 | INFO     | logging:callHandlers:1737 - Waiting for application shutdown.
2026-06-15 15:11:43.155 | INFO     | logging:callHandlers:1737 - Application shutdown complete.
2026-06-15 15:11:43.156 | INFO     | logging:callHandlers:1737 - Finished server process [22724]
2026-06-15 15:11:43.456 | INFO     | logging:callHandlers:1737 - Stopping reloader process [17816]
2026-06-15 15:13:38.330 | INFO     | logging:callHandlers:1737 - Uvicorn running on http://0.0.0.0:8000 (Press CTRL+C to quit)
2026-06-15 15:13:38.330 | INFO     | logging:callHandlers:1737 - Started reloader process [20888] using StatReload
2026-06-15 15:13:40.670 | INFO     | logging:callHandlers:1737 - Started server process [24520]
2026-06-15 15:13:40.671 | INFO     | logging:callHandlers:1737 - Waiting for application startup.
2026-06-15 15:13:40.672 | INFO     | main:startup:62 - 🚀 SurveyCXM Popup API starting up...
2026-06-15 15:13:41.360 | INFO     | main:startup:65 - ✅ Database pre-warmed successfully
2026-06-15 15:13:41.360 | INFO     | main:startup:70 - 🌐 API is available at: http://127.0.0.1:8000/
2026-06-15 15:13:41.361 | INFO     | logging:callHandlers:1737 - Application startup complete.
2026-06-15 15:14:19.863 | INFO     | logging:callHandlers:1737 - 192.168.15.59:61131 - "POST /api/login-popup-summary HTTP/1.1" 200
2026-06-15 15:14:20.107 | INFO     | logging:callHandlers:1737 - 192.168.15.59:52701 - "GET /api/audio/tts_85aa3926bb194db2a89ec963b6390907.mp3 HTTP/1.1" 200
2026-06-15 15:14:20.445 | INFO     | logging:callHandlers:1737 - 192.168.15.59:52702 - "GET /api/audio/tts_49eb88f6af644dc29b1bfef32dec96ed.mp3 HTTP/1.1" 200
2026-06-15 15:18:12.816 | INFO     | logging:callHandlers:1737 - 192.168.15.59:54708 - "POST /api/login-popup-summary HTTP/1.1" 200
2026-06-15 15:18:13.065 | INFO     | logging:callHandlers:1737 - 192.168.15.59:50168 - "GET /api/audio/tts_276709f541ba4f31a2eaae1c3561dae3.mp3 HTTP/1.1" 200
2026-06-15 15:19:20.405 | INFO     | services.tts_service:delayed_delete:52 - Auto-deleted audio file: static\audio\tts_85aa3926bb194db2a89ec963b6390907.mp3
2026-06-15 15:19:20.499 | INFO     | services.tts_service:delayed_delete:52 - Auto-deleted audio file: static\audio\tts_49eb88f6af644dc29b1bfef32dec96ed.mp3
2026-06-15 15:23:13.084 | INFO     | services.tts_service:delayed_delete:52 - Auto-deleted audio file: static\audio\tts_276709f541ba4f31a2eaae1c3561dae3.mp3
2026-06-15 15:32:31.838 | WARNING  | logging:callHandlers:1737 - StatReload detected changes in 'routes\popup.py'. Reloading...
2026-06-15 15:32:32.218 | INFO     | logging:callHandlers:1737 - Shutting down
2026-06-15 15:32:32.323 | INFO     | logging:callHandlers:1737 - Waiting for connections to close. (CTRL+C to force quit)
2026-06-15 15:32:34.147 | INFO     | logging:callHandlers:1737 - 192.168.15.59:51361 - "POST /api/login-popup-summary HTTP/1.1" 200
2026-06-15 15:32:34.250 | INFO     | logging:callHandlers:1737 - Waiting for application shutdown.
2026-06-15 15:32:34.251 | INFO     | logging:callHandlers:1737 - Application shutdown complete.
2026-06-15 15:32:34.251 | INFO     | logging:callHandlers:1737 - Finished server process [24520]
2026-06-15 15:32:37.214 | INFO     | logging:callHandlers:1737 - Started server process [21540]
2026-06-15 15:32:37.215 | INFO     | logging:callHandlers:1737 - Waiting for application startup.
2026-06-15 15:32:37.215 | INFO     | main:startup:62 - 🚀 SurveyCXM Popup API starting up...
2026-06-15 15:32:37.881 | INFO     | main:startup:65 - ✅ Database pre-warmed successfully
2026-06-15 15:32:37.882 | INFO     | main:startup:70 - 🌐 API is available at: http://127.0.0.1:8000/
2026-06-15 15:32:37.884 | INFO     | logging:callHandlers:1737 - Application startup complete.
2026-06-15 15:32:37.899 | INFO     | logging:callHandlers:1737 - 192.168.15.59:51362 - "GET /api/audio/tts_828dbc0a74124db6b3b4f74c0bb34f0d.mp3 HTTP/1.1" 200
2026-06-15 15:36:02.338 | INFO     | logging:callHandlers:1737 - 127.0.0.1:60416 - "POST /api/login-popup-summary HTTP/1.1" 200
2026-06-15 15:37:37.912 | INFO     | services.tts_service:delayed_delete:52 - Auto-deleted audio file: static\audio\tts_828dbc0a74124db6b3b4f74c0bb34f0d.mp3
2026-06-15 15:41:09.196 | INFO     | logging:callHandlers:1737 - 127.0.0.1:60522 - "GET /api/audio/tts_1cdb9a42b62f44409d5dcbf86643a708.mp3 HTTP/1.1" 200
2026-06-15 15:46:09.208 | INFO     | services.tts_service:delayed_delete:52 - Auto-deleted audio file: static\audio\tts_1cdb9a42b62f44409d5dcbf86643a708.mp3
2026-06-15 16:21:31.595 | INFO     | logging:callHandlers:1737 - 192.168.15.59:50296 - "POST /api/login-popup-summary HTTP/1.1" 200
2026-06-15 16:21:31.671 | INFO     | logging:callHandlers:1737 - 192.168.15.59:50297 - "GET /api/audio/tts_304de62c406540ba97cedd89e9636f16.mp3 HTTP/1.1" 200
2026-06-15 16:26:31.688 | INFO     | services.tts_service:delayed_delete:52 - Auto-deleted audio file: static\audio\tts_304de62c406540ba97cedd89e9636f16.mp3
2026-06-15 16:28:40.693 | INFO     | logging:callHandlers:1737 - 127.0.0.1:61217 - "GET /api/logs?lines=100 HTTP/1.1" 200
2026-06-15 16:55:41.722 | INFO     | logging:callHandlers:1737 - 192.168.15.59:55980 - "POST /api/login-popup-summary HTTP/1.1" 200
2026-06-15 16:55:42.160 | INFO     | logging:callHandlers:1737 - 192.168.15.59:60892 - "GET /api/audio/tts_b9fb371b8af44c0b885bbfce9d20ea66.mp3 HTTP/1.1" 200
2026-06-15 16:55:42.901 | INFO     | logging:callHandlers:1737 - 192.168.15.59:60893 - "GET /api/audio/tts_e26c626561b24cd0acd5adb0227510b3.mp3 HTTP/1.1" 200
2026-06-15 16:59:33.935 | INFO     | logging:callHandlers:1737 - 192.168.15.59:64523 - "POST /api/login-popup-summary HTTP/1.1" 200
2026-06-15 16:59:33.962 | INFO     | logging:callHandlers:1737 - 192.168.15.59:60192 - "GET /api/audio/tts_f4210db673b0420c86b771151d9e1827.mp3 HTTP/1.1" 200
2026-06-15 16:59:34.066 | INFO     | logging:callHandlers:1737 - 192.168.15.59:60193 - "GET /api/audio/tts_dd54132a079a442abf37070da69a1a5b.mp3 HTTP/1.1" 200
2026-06-15 17:00:42.232 | INFO     | services.tts_service:delayed_delete:52 - Auto-deleted audio file: static\audio\tts_b9fb371b8af44c0b885bbfce9d20ea66.mp3
2026-06-15 17:00:42.987 | INFO     | services.tts_service:delayed_delete:52 - Auto-deleted audio file: static\audio\tts_e26c626561b24cd0acd5adb0227510b3.mp3
2026-06-15 17:00:55.150 | INFO     | logging:callHandlers:1737 - 127.0.0.1:61574 - "GET / HTTP/1.1" 200
2026-06-15 17:03:19.933 | INFO     | logging:callHandlers:1737 - 127.0.0.1:61587 - "POST /api/login-popup-summary HTTP/1.1" 200
2026-06-15 17:06:06.913 | INFO     | logging:callHandlers:1737 - 192.168.15.59:53075 - "POST /api/login-popup-summary HTTP/1.1" 200
2026-06-15 17:06:06.974 | INFO     | logging:callHandlers:1737 - 192.168.15.59:60508 - "GET /api/audio/tts_ee6c13ca67b74a8888b7f8522a6f8fc5.mp3 HTTP/1.1" 200
2026-06-15 17:06:07.313 | INFO     | logging:callHandlers:1737 - 192.168.15.59:60510 - "GET /api/audio/tts_9e146d42954546d69b0f7e0c4886f25a.mp3 HTTP/1.1" 200
2026-06-15 17:11:07.215 | INFO     | services.tts_service:delayed_delete:52 - Auto-deleted audio file: static\audio\tts_ee6c13ca67b74a8888b7f8522a6f8fc5.mp3
2026-06-15 17:11:07.518 | INFO     | services.tts_service:delayed_delete:52 - Auto-deleted audio file: static\audio\tts_9e146d42954546d69b0f7e0c4886f25a.mp3
2026-06-15 18:24:23.730 | WARNING  | logging:callHandlers:1737 - StatReload detected changes in 'services\tts_service.py'. Reloading...
2026-06-15 18:24:23.829 | INFO     | logging:callHandlers:1737 - Shutting down
2026-06-15 18:24:23.936 | INFO     | logging:callHandlers:1737 - Waiting for application shutdown.
2026-06-15 18:24:23.943 | INFO     | logging:callHandlers:1737 - Application shutdown complete.
2026-06-15 18:24:23.953 | INFO     | logging:callHandlers:1737 - Finished server process [21540]
2026-06-15 18:24:28.625 | INFO     | logging:callHandlers:1737 - Started server process [4104]
2026-06-15 18:24:28.626 | INFO     | logging:callHandlers:1737 - Waiting for application startup.
2026-06-15 18:24:28.627 | INFO     | main:startup:62 - 🚀 SurveyCXM Popup API starting up...
2026-06-15 18:24:28.669 | WARNING  | logging:callHandlers:1737 - StatReload detected changes in 'services\nps_service.py'. Reloading...
2026-06-17 10:27:42.593 | INFO     | logging:callHandlers:1737 - Uvicorn running on http://0.0.0.0:8000 (Press CTRL+C to quit)
2026-06-17 10:27:42.594 | INFO     | logging:callHandlers:1737 - Started reloader process [19360] using StatReload
2026-06-17 10:27:45.093 | INFO     | logging:callHandlers:1737 - Started server process [10560]
2026-06-17 10:27:45.094 | INFO     | logging:callHandlers:1737 - Waiting for application startup.
2026-06-17 10:27:45.094 | INFO     | main:startup:62 - 🚀 SurveyCXM Popup API starting up...
2026-06-17 10:27:45.744 | INFO     | main:startup:65 - ✅ Database pre-warmed successfully
2026-06-17 10:27:45.745 | INFO     | main:startup:70 - 🌐 API is available at: http://127.0.0.1:8000/
2026-06-17 10:27:45.747 | INFO     | logging:callHandlers:1737 - Application startup complete.
2026-06-17 10:27:49.952 | INFO     | logging:callHandlers:1737 - 127.0.0.1:51543 - "GET / HTTP/1.1" 200
2026-06-17 10:27:49.983 | INFO     | logging:callHandlers:1737 - 127.0.0.1:51543 - "GET /favicon.ico HTTP/1.1" 404
2026-06-17 10:27:52.514 | INFO     | logging:callHandlers:1737 - 127.0.0.1:51543 - "GET /docs HTTP/1.1" 200
2026-06-17 10:27:53.095 | INFO     | logging:callHandlers:1737 - 127.0.0.1:51543 - "GET /openapi.json HTTP/1.1" 200
2026-06-17 10:28:30.838 | ERROR    | services.ai_service:generate_ai_summary:123 - AI summary error: Error code: 429 - {'error': {'message': 'You exceeded your current quota, please check your plan and billing details. For more information on this error, read the docs: https://platform.openai.com/docs/guides/error-codes/api-errors.', 'type': 'insufficient_quota', 'param': None, 'code': 'insufficient_quota'}}
2026-06-17 10:28:38.021 | INFO     | logging:callHandlers:1737 - 127.0.0.1:51544 - "POST /api/login-popup-summary HTTP/1.1" 200
2026-06-17 10:30:51.394 | ERROR    | services.ai_service:answer_user_question:287 - Ask AI error: Error code: 429 - {'error': {'message': 'You exceeded your current quota, please check your plan and billing details. For more information on this error, read the docs: https://platform.openai.com/docs/guides/error-codes/api-errors.', 'type': 'insufficient_quota', 'param': None, 'code': 'insufficient_quota'}}
2026-06-17 10:30:51.396 | INFO     | logging:callHandlers:1737 - 127.0.0.1:51596 - "POST /api/ask-ai HTTP/1.1" 200
2026-06-17 10:31:19.527 | ERROR    | services.ai_service:answer_user_question:287 - Ask AI error: Error code: 429 - {'error': {'message': 'You exceeded your current quota, please check your plan and billing details. For more information on this error, read the docs: https://platform.openai.com/docs/guides/error-codes/api-errors.', 'type': 'insufficient_quota', 'param': None, 'code': 'insufficient_quota'}}
2026-06-17 10:31:19.528 | INFO     | logging:callHandlers:1737 - 127.0.0.1:51601 - "POST /api/ask-ai HTTP/1.1" 200
2026-06-17 11:39:58.756 | WARNING  | logging:callHandlers:1737 - StatReload detected changes in 'services\tts_service.py'. Reloading...
2026-06-17 11:39:58.789 | INFO     | logging:callHandlers:1737 - Shutting down
2026-06-17 11:39:58.907 | INFO     | logging:callHandlers:1737 - Waiting for application shutdown.
2026-06-17 11:39:58.913 | INFO     | logging:callHandlers:1737 - Application shutdown complete.
2026-06-17 11:39:58.922 | INFO     | logging:callHandlers:1737 - Finished server process [10560]
2026-06-18 11:16:15.696 | INFO     | logging:callHandlers:1737 - Uvicorn running on http://0.0.0.0:8000 (Press CTRL+C to quit)
2026-06-18 11:16:15.697 | INFO     | logging:callHandlers:1737 - Started reloader process [10192] using StatReload
2026-06-18 11:16:18.459 | INFO     | logging:callHandlers:1737 - Started server process [22220]
2026-06-18 11:16:18.460 | INFO     | logging:callHandlers:1737 - Waiting for application startup.
2026-06-18 11:16:18.460 | INFO     | main:startup:62 - 🚀 SurveyCXM Popup API starting up...
2026-06-18 11:16:19.538 | INFO     | main:startup:65 - ✅ Database pre-warmed successfully
2026-06-18 11:16:19.539 | INFO     | main:startup:70 - 🌐 API is available at: http://127.0.0.1:8000/
2026-06-18 11:16:19.540 | INFO     | logging:callHandlers:1737 - Application startup complete.
2026-06-18 11:16:22.103 | INFO     | logging:callHandlers:1737 - 127.0.0.1:51805 - "GET / HTTP/1.1" 200
2026-06-18 11:16:29.460 | INFO     | logging:callHandlers:1737 - 127.0.0.1:51806 - "GET /docs HTTP/1.1" 200
2026-06-18 11:16:29.668 | INFO     | logging:callHandlers:1737 - 127.0.0.1:51806 - "GET /openapi.json HTTP/1.1" 200
2026-06-18 11:17:17.231 | ERROR    | services.ai_service:generate_ai_summary:123 - AI summary error: Error code: 429 - {'error': {'message': 'You exceeded your current quota, please check your plan and billing details. For more information on this error, read the docs: https://platform.openai.com/docs/guides/error-codes/api-errors.', 'type': 'insufficient_quota', 'param': None, 'code': 'insufficient_quota'}}
2026-06-18 11:17:32.994 | INFO     | logging:callHandlers:1737 - 127.0.0.1:51808 - "POST /api/login-popup-summary HTTP/1.1" 200
2026-06-20 10:02:59.130 | INFO     | logging:callHandlers:1737 - Started server process [7084]
2026-06-20 10:02:59.131 | INFO     | logging:callHandlers:1737 - Waiting for application startup.
2026-06-20 10:02:59.131 | INFO     | main:startup:62 - 🚀 SurveyCXM Popup API starting up...
2026-06-20 10:02:59.786 | INFO     | main:startup:65 - ✅ Database pre-warmed successfully
2026-06-20 10:02:59.787 | INFO     | main:startup:70 - 🌐 API is available at: http://127.0.0.1:8000/
2026-06-20 10:02:59.789 | INFO     | logging:callHandlers:1737 - Application startup complete.
2026-06-20 10:02:59.790 | INFO     | logging:callHandlers:1737 - Uvicorn running on http://127.0.0.1:8000 (Press CTRL+C to quit)
2026-06-20 10:03:48.147 | ERROR    | services.ai_service:generate_ai_summary:123 - AI summary error: Error code: 401 - {'error': {'message': 'Incorrect API key provided: sk-proj-********************************************************************************************************************************************************ilQA. You can find your API key at https://platform.openai.com/account/api-keys.', 'type': 'invalid_request_error', 'code': 'invalid_api_key', 'param': None}, 'status': 401}
2026-06-20 10:03:48.156 | WARNING  | services.tts_service:cleanup_old_audio_files:64 - Failed to clean up static\audio\tts_20a5996d2a20451f8c00a60b0d84b31d.mp3: [WinError 5] Access is denied: 'static\\audio\\tts_20a5996d2a20451f8c00a60b0d84b31d.mp3'
2026-06-20 10:03:48.157 | INFO     | services.tts_service:cleanup_old_audio_files:62 - Cleaned up old audio file: static\audio\tts_20a5996d2a20451f8c00a60b0d84b31d.mp3
2026-06-20 10:03:48.158 | INFO     | services.tts_service:cleanup_old_audio_files:62 - Cleaned up old audio file: static\audio\tts_2933d4e2bf1c4339b3ea667f54aa0c51.mp3
2026-06-20 10:03:48.158 | WARNING  | services.tts_service:cleanup_old_audio_files:64 - Failed to clean up static\audio\tts_2933d4e2bf1c4339b3ea667f54aa0c51.mp3: [WinError 5] Access is denied: 'static\\audio\\tts_2933d4e2bf1c4339b3ea667f54aa0c51.mp3'
2026-06-20 10:03:48.159 | INFO     | services.tts_service:cleanup_old_audio_files:62 - Cleaned up old audio file: static\audio\tts_49e66f9ccd9c4f3d80f56a527808834f.mp3
2026-06-20 10:03:48.160 | INFO     | services.tts_service:cleanup_old_audio_files:62 - Cleaned up old audio file: static\audio\tts_49e66f9ccd9c4f3d80f56a527808834f.mp3
2026-06-20 10:03:48.162 | INFO     | services.tts_service:cleanup_old_audio_files:62 - Cleaned up old audio file: static\audio\tts_577bc945f7544dec9428318d9b85f331.mp3
2026-06-20 10:03:48.162 | INFO     | services.tts_service:cleanup_old_audio_files:62 - Cleaned up old audio file: static\audio\tts_577bc945f7544dec9428318d9b85f331.mp3
2026-06-20 10:03:48.163 | INFO     | services.tts_service:cleanup_old_audio_files:62 - Cleaned up old audio file: static\audio\tts_a116a78d7a5e4f0d9ea1c8665c87e650.mp3
2026-06-20 10:03:48.163 | INFO     | services.tts_service:cleanup_old_audio_files:62 - Cleaned up old audio file: static\audio\tts_a116a78d7a5e4f0d9ea1c8665c87e650.mp3
2026-06-20 10:03:48.164 | INFO     | services.tts_service:cleanup_old_audio_files:62 - Cleaned up old audio file: static\audio\tts_ed6fe62fe89d461890652292f6a49385.mp3
2026-06-20 10:03:48.164 | WARNING  | services.tts_service:cleanup_old_audio_files:64 - Failed to clean up static\audio\tts_ed6fe62fe89d461890652292f6a49385.mp3: [WinError 5] Access is denied: 'static\\audio\\tts_ed6fe62fe89d461890652292f6a49385.mp3'
2026-06-20 10:03:52.681 | INFO     | logging:callHandlers:1737 - 127.0.0.1:51094 - "POST /api/login-popup-summary HTTP/1.1" 200
2026-06-20 10:04:35.502 | ERROR    | services.ai_service:generate_ai_summary:123 - AI summary error: Error code: 401 - {'error': {'message': 'Incorrect API key provided: sk-proj-********************************************************************************************************************************************************ilQA. You can find your API key at https://platform.openai.com/account/api-keys.', 'type': 'invalid_request_error', 'code': 'invalid_api_key', 'param': None}, 'status': 401}
2026-06-20 10:04:36.953 | INFO     | logging:callHandlers:1737 - 127.0.0.1:51113 - "POST /api/login-popup-summary HTTP/1.1" 200
2026-06-20 10:04:56.501 | ERROR    | services.ai_service:answer_user_question:287 - Ask AI error: Error code: 401 - {'error': {'message': 'Incorrect API key provided: sk-proj-********************************************************************************************************************************************************ilQA. You can find your API key at https://platform.openai.com/account/api-keys.', 'type': 'invalid_request_error', 'code': 'invalid_api_key', 'param': None}, 'status': 401}
2026-06-20 10:04:56.502 | INFO     | logging:callHandlers:1737 - 127.0.0.1:51118 - "POST /api/ask-ai HTTP/1.1" 200
2026-06-24 15:22:56.408 | ERROR    | services.ai_service:generate_ai_summary:123 - AI summary error: Error code: 401 - {'error': {'message': 'Incorrect API key provided: sk-proj-********************************************************************************************************************************************************ilQA. You can find your API key at https://platform.openai.com/account/api-keys.', 'type': 'invalid_request_error', 'code': 'invalid_api_key', 'param': None}, 'status': 401}
2026-06-24 15:22:56.418 | INFO     | services.tts_service:cleanup_old_audio_files:62 - Cleaned up old audio file: static\audio\tts_2fe54d262c1a419e8be4a2b182acc651.mp3
2026-06-24 15:22:56.419 | WARNING  | services.tts_service:cleanup_old_audio_files:64 - Failed to clean up static\audio\tts_2fe54d262c1a419e8be4a2b182acc651.mp3: [WinError 2] The system cannot find the file specified: 'static\\audio\\tts_2fe54d262c1a419e8be4a2b182acc651.mp3'
2026-06-24 15:22:56.420 | INFO     | services.tts_service:cleanup_old_audio_files:62 - Cleaned up old audio file: static\audio\tts_4912c9fc4216468d8cf63e57840e1ee1.mp3
2026-06-24 15:22:56.420 | WARNING  | services.tts_service:cleanup_old_audio_files:64 - Failed to clean up static\audio\tts_4912c9fc4216468d8cf63e57840e1ee1.mp3: [WinError 2] The system cannot find the file specified: 'static\\audio\\tts_4912c9fc4216468d8cf63e57840e1ee1.mp3'
2026-06-24 15:22:56.421 | INFO     | services.tts_service:cleanup_old_audio_files:62 - Cleaned up old audio file: static\audio\tts_86f31874b3544c15bd502d042d744308.mp3
2026-06-24 15:22:56.422 | INFO     | services.tts_service:cleanup_old_audio_files:62 - Cleaned up old audio file: static\audio\tts_ad9c18f035904f8cb6f02cf98573ac8f.mp3
2026-06-24 15:22:56.422 | INFO     | services.tts_service:cleanup_old_audio_files:62 - Cleaned up old audio file: static\audio\tts_ad9c18f035904f8cb6f02cf98573ac8f.mp3
2026-06-24 15:50:18.895 | ERROR    | services.ai_service:generate_ai_summary:128 - AI summary error: Error code: 401 - {'error': {'message': 'Incorrect API key provided: sk-proj-********************************************************************************************************************************************************ilQA. You can find your API key at https://platform.openai.com/account/api-keys.', 'type': 'invalid_request_error', 'code': 'invalid_api_key', 'param': None}, 'status': 401}
2026-06-24 15:52:32.564 | INFO     | logging:callHandlers:1737 - Uvicorn running on http://0.0.0.0:8000 (Press CTRL+C to quit)
2026-06-24 15:52:32.565 | INFO     | logging:callHandlers:1737 - Started reloader process [20116] using StatReload
2026-06-24 15:52:33.951 | WARNING  | logging:callHandlers:1737 - StatReload detected changes in 'test_popup.py'. Reloading...
2026-06-24 15:52:34.431 | INFO     | logging:callHandlers:1737 - Started server process [20280]
2026-06-24 15:52:34.432 | INFO     | logging:callHandlers:1737 - Waiting for application startup.
2026-06-24 15:52:34.433 | INFO     | main:startup:62 - 🚀 SurveyCXM Popup API starting up...
2026-06-24 15:52:35.067 | INFO     | main:startup:65 - ✅ Database pre-warmed successfully
2026-06-24 15:52:35.068 | INFO     | main:startup:70 - 🌐 API is available at: http://127.0.0.1:8000/
2026-06-24 15:52:35.069 | INFO     | logging:callHandlers:1737 - Application startup complete.
2026-06-24 15:52:35.070 | INFO     | logging:callHandlers:1737 - Shutting down
2026-06-24 15:52:35.178 | INFO     | logging:callHandlers:1737 - Waiting for application shutdown.
2026-06-24 15:52:35.179 | INFO     | logging:callHandlers:1737 - Application shutdown complete.
2026-06-24 15:52:35.180 | INFO     | logging:callHandlers:1737 - Finished server process [20280]
2026-06-24 15:52:36.496 | WARNING  | logging:callHandlers:1737 - StatReload detected changes in 'test_api.py'. Reloading...
2026-06-24 15:52:37.134 | INFO     | logging:callHandlers:1737 - Started server process [12020]
2026-06-24 15:52:37.134 | INFO     | logging:callHandlers:1737 - Waiting for application startup.
2026-06-24 15:52:37.135 | INFO     | main:startup:62 - 🚀 SurveyCXM Popup API starting up...
2026-06-24 15:52:37.764 | INFO     | main:startup:65 - ✅ Database pre-warmed successfully
2026-06-24 15:52:37.765 | INFO     | main:startup:70 - 🌐 API is available at: http://127.0.0.1:8000/
2026-06-24 15:52:37.766 | INFO     | logging:callHandlers:1737 - Application startup complete.
2026-06-24 15:52:37.767 | INFO     | logging:callHandlers:1737 - Shutting down
2026-06-24 15:52:37.879 | INFO     | logging:callHandlers:1737 - Waiting for application shutdown.
2026-06-24 15:52:37.880 | INFO     | logging:callHandlers:1737 - Application shutdown complete.
2026-06-24 15:52:37.881 | INFO     | logging:callHandlers:1737 - Finished server process [12020]
2026-06-24 15:52:39.886 | INFO     | logging:callHandlers:1737 - Started server process [7188]
2026-06-24 15:52:39.887 | INFO     | logging:callHandlers:1737 - Waiting for application startup.
2026-06-24 15:52:39.887 | INFO     | main:startup:62 - 🚀 SurveyCXM Popup API starting up...
2026-06-24 15:52:40.532 | INFO     | main:startup:65 - ✅ Database pre-warmed successfully
2026-06-24 15:52:40.533 | INFO     | main:startup:70 - 🌐 API is available at: http://127.0.0.1:8000/
2026-06-24 15:52:40.534 | INFO     | logging:callHandlers:1737 - Application startup complete.
2026-06-24 15:53:27.043 | ERROR    | services.ai_service:generate_ai_summary:128 - AI summary error: Error code: 401 - {'error': {'message': 'Incorrect API key provided: sk-proj-********************************************************************************************************************************************************ilQA. You can find your API key at https://platform.openai.com/account/api-keys.', 'type': 'invalid_request_error', 'code': 'invalid_api_key', 'param': None}, 'status': 401}
2026-06-24 15:53:27.049 | INFO     | services.tts_service:cleanup_old_audio_files:62 - Cleaned up old audio file: static\audio\tts_03827afa8e96496c9b12afe35baf7090.mp3
2026-06-24 15:53:27.051 | INFO     | services.tts_service:cleanup_old_audio_files:62 - Cleaned up old audio file: static\audio\tts_723c345a608140489d0f5f6960b9d031.mp3
2026-06-24 15:53:27.052 | INFO     | services.tts_service:cleanup_old_audio_files:62 - Cleaned up old audio file: static\audio\tts_723c345a608140489d0f5f6960b9d031.mp3
2026-06-24 15:56:42.446 | INFO     | logging:callHandlers:1737 - 127.0.0.1:65057 - "GET / HTTP/1.1" 200
2026-06-24 15:56:42.479 | INFO     | logging:callHandlers:1737 - 127.0.0.1:65057 - "GET /favicon.ico HTTP/1.1" 404
2026-06-24 15:56:45.045 | INFO     | logging:callHandlers:1737 - 127.0.0.1:65057 - "GET /docs HTTP/1.1" 200
2026-06-24 15:56:45.280 | INFO     | logging:callHandlers:1737 - 127.0.0.1:65057 - "GET /openapi.json HTTP/1.1" 200
2026-06-24 15:56:45.985 | INFO     | logging:callHandlers:1737 - 127.0.0.1:65057 - "GET /docs HTTP/1.1" 200
2026-06-24 15:56:46.130 | INFO     | logging:callHandlers:1737 - 127.0.0.1:65057 - "GET /openapi.json HTTP/1.1" 200
2026-06-24 16:36:56.879 | WARNING  | logging:callHandlers:1737 - StatReload detected changes in 'test_popup.py'. Reloading...
2026-06-24 16:36:56.950 | INFO     | logging:callHandlers:1737 - Shutting down
2026-06-24 16:36:57.066 | INFO     | logging:callHandlers:1737 - Waiting for application shutdown.
2026-06-24 16:36:57.068 | INFO     | logging:callHandlers:1737 - Application shutdown complete.
2026-06-24 16:36:57.070 | INFO     | logging:callHandlers:1737 - Finished server process [7188]
2026-06-24 16:36:59.219 | INFO     | logging:callHandlers:1737 - Started server process [19296]
2026-06-24 16:36:59.220 | INFO     | logging:callHandlers:1737 - Waiting for application startup.
2026-06-24 16:36:59.221 | INFO     | main:startup:62 - 🚀 SurveyCXM Popup API starting up...
2026-06-24 16:36:59.948 | INFO     | main:startup:65 - ✅ Database pre-warmed successfully
2026-06-24 16:36:59.949 | INFO     | main:startup:70 - 🌐 API is available at: http://127.0.0.1:8000/
2026-06-24 16:36:59.949 | INFO     | logging:callHandlers:1737 - Application startup complete.
2026-06-24 16:37:04.150 | WARNING  | logging:callHandlers:1737 - StatReload detected changes in 'test_popup.py'. Reloading...
2026-06-24 16:37:04.242 | INFO     | logging:callHandlers:1737 - Shutting down
2026-06-24 16:37:04.356 | INFO     | logging:callHandlers:1737 - Waiting for application shutdown.
2026-06-24 16:37:04.357 | INFO     | logging:callHandlers:1737 - Application shutdown complete.
2026-06-24 16:37:04.359 | INFO     | logging:callHandlers:1737 - Finished server process [19296]
2026-06-24 16:37:06.335 | INFO     | logging:callHandlers:1737 - Started server process [20208]
2026-06-24 16:37:06.336 | INFO     | logging:callHandlers:1737 - Waiting for application startup.
2026-06-24 16:37:06.337 | INFO     | main:startup:62 - 🚀 SurveyCXM Popup API starting up...
2026-06-24 16:37:07.256 | INFO     | main:startup:65 - ✅ Database pre-warmed successfully
2026-06-24 16:37:07.256 | INFO     | main:startup:70 - 🌐 API is available at: http://127.0.0.1:8000/
2026-06-24 16:37:07.257 | INFO     | logging:callHandlers:1737 - Application startup complete.
2026-06-24 16:37:24.365 | WARNING  | logging:callHandlers:1737 - StatReload detected changes in 'routes\popup.py'. Reloading...
2026-06-24 16:37:24.423 | INFO     | logging:callHandlers:1737 - Shutting down
2026-06-24 16:37:24.537 | INFO     | logging:callHandlers:1737 - Waiting for application shutdown.
2026-06-24 16:37:24.540 | INFO     | logging:callHandlers:1737 - Application shutdown complete.
2026-06-24 16:37:24.541 | INFO     | logging:callHandlers:1737 - Finished server process [20208]
2026-06-24 16:37:26.468 | INFO     | logging:callHandlers:1737 - Started server process [16968]
2026-06-24 16:37:26.469 | INFO     | logging:callHandlers:1737 - Waiting for application startup.
2026-06-24 16:37:26.470 | INFO     | main:startup:62 - 🚀 SurveyCXM Popup API starting up...
2026-06-24 16:37:27.319 | INFO     | main:startup:65 - ✅ Database pre-warmed successfully
2026-06-24 16:37:27.319 | INFO     | main:startup:70 - 🌐 API is available at: http://127.0.0.1:8000/
2026-06-24 16:37:27.320 | INFO     | logging:callHandlers:1737 - Application startup complete.
2026-06-24 16:39:24.555 | ERROR    | services.ai_service:generate_ai_summary:128 - AI summary error: Error code: 401 - {'error': {'message': 'Incorrect API key provided: sk-proj-********************************************************************************************************************************************************ilQA. You can find your API key at https://platform.openai.com/account/api-keys.', 'type': 'invalid_request_error', 'code': 'invalid_api_key', 'param': None}, 'status': 401}
2026-06-24 16:39:24.560 | INFO     | services.tts_service:cleanup_old_audio_files:62 - Cleaned up old audio file: static\audio\tts_2d9b381098034e01be41ac81538cc452.mp3
2026-06-24 16:39:24.561 | INFO     | services.tts_service:cleanup_old_audio_files:62 - Cleaned up old audio file: static\audio\tts_67a35a522a8f454baafbb1a9960c66c4.mp3
2026-06-24 16:39:24.561 | WARNING  | services.tts_service:cleanup_old_audio_files:64 - Failed to clean up static\audio\tts_67a35a522a8f454baafbb1a9960c66c4.mp3: [WinError 2] The system cannot find the file specified: 'static\\audio\\tts_67a35a522a8f454baafbb1a9960c66c4.mp3'
2026-06-24 16:39:24.562 | INFO     | services.tts_service:cleanup_old_audio_files:62 - Cleaned up old audio file: static\audio\tts_a0d5e777ae8f48bf8c00d4d2dd1555e3.mp3
2026-06-24 16:39:24.563 | INFO     | services.tts_service:cleanup_old_audio_files:62 - Cleaned up old audio file: static\audio\tts_ab121b644ed7421f8b0c2ffe70b1a754.mp3
2026-06-24 16:39:30.262 | INFO     | logging:callHandlers:1737 - 127.0.0.1:65513 - "POST /api/login-popup-summary HTTP/1.1" 200
2026-06-24 16:52:10.597 | ERROR    | services.ai_service:generate_ai_summary:128 - AI summary error: Error code: 401 - {'error': {'message': 'Incorrect API key provided: sk-proj-********************************************************************************************************************************************************ilQA. You can find your API key at https://platform.openai.com/account/api-keys.', 'type': 'invalid_request_error', 'code': 'invalid_api_key', 'param': None}, 'status': 401}
2026-06-24 16:52:12.031 | INFO     | logging:callHandlers:1737 - 127.0.0.1:49318 - "POST /api/login-popup-summary HTTP/1.1" 200
2026-06-24 16:52:55.927 | INFO     | logging:callHandlers:1737 - 127.0.0.1:49344 - "POST /api/clear-logs HTTP/1.1" 401
2026-06-24 16:53:18.754 | INFO     | logging:callHandlers:1737 - 127.0.0.1:49349 - "POST /api/clear-logs HTTP/1.1" 401
2026-06-24 16:53:51.936 | INFO     | logging:callHandlers:1737 - Shutting down
2026-06-24 16:53:52.058 | INFO     | logging:callHandlers:1737 - Waiting for application shutdown.
2026-06-24 16:53:52.061 | INFO     | logging:callHandlers:1737 - Application shutdown complete.
2026-06-24 16:53:52.063 | INFO     | logging:callHandlers:1737 - Finished server process [16968]
2026-06-24 16:53:52.338 | INFO     | logging:callHandlers:1737 - Stopping reloader process [20116]
2026-06-24 16:54:03.534 | INFO     | logging:callHandlers:1737 - Uvicorn running on http://0.0.0.0:8000 (Press CTRL+C to quit)
2026-06-24 16:54:03.534 | INFO     | logging:callHandlers:1737 - Started reloader process [2092] using StatReload
2026-06-24 16:54:05.136 | INFO     | logging:callHandlers:1737 - Started server process [20432]
2026-06-24 16:54:05.137 | INFO     | logging:callHandlers:1737 - Waiting for application startup.
2026-06-24 16:54:05.137 | INFO     | main:startup:62 - 🚀 SurveyCXM Popup API starting up...
2026-06-24 16:54:05.804 | INFO     | main:startup:65 - ✅ Database pre-warmed successfully
2026-06-24 16:54:05.806 | INFO     | main:startup:70 - 🌐 API is available at: http://127.0.0.1:8000/
2026-06-24 16:54:05.808 | INFO     | logging:callHandlers:1737 - Application startup complete.
2026-06-24 16:54:46.440 | INFO     | logging:callHandlers:1737 - 127.0.0.1:49384 - "POST /api/clear-logs HTTP/1.1" 401
2026-06-24 16:55:55.098 | INFO     | logging:callHandlers:1737 - Shutting down
2026-06-24 16:55:55.207 | INFO     | logging:callHandlers:1737 - Waiting for application shutdown.
2026-06-24 16:55:55.209 | INFO     | logging:callHandlers:1737 - Application shutdown complete.
2026-06-24 16:55:55.211 | INFO     | logging:callHandlers:1737 - Finished server process [20432]
2026-06-24 16:55:55.403 | INFO     | logging:callHandlers:1737 - Stopping reloader process [2092]
2026-06-24 16:56:03.871 | INFO     | logging:callHandlers:1737 - Uvicorn running on http://0.0.0.0:8000 (Press CTRL+C to quit)
2026-06-24 16:56:03.872 | INFO     | logging:callHandlers:1737 - Started reloader process [18900] using StatReload
2026-06-24 16:56:05.791 | INFO     | logging:callHandlers:1737 - Started server process [11116]
2026-06-24 16:56:05.792 | INFO     | logging:callHandlers:1737 - Waiting for application startup.
2026-06-24 16:56:05.793 | INFO     | main:startup:62 - 🚀 SurveyCXM Popup API starting up...
2026-06-24 16:56:06.535 | INFO     | main:startup:65 - ✅ Database pre-warmed successfully
2026-06-24 16:56:06.536 | INFO     | main:startup:70 - 🌐 API is available at: http://127.0.0.1:8000/
2026-06-24 16:56:06.536 | INFO     | logging:callHandlers:1737 - Application startup complete.
2026-06-24 16:57:24.855 | ERROR    | services.ai_service:generate_ai_summary:128 - AI summary error: Expecting value: line 15 column 17 (char 2568)
2026-06-24 16:57:26.514 | INFO     | logging:callHandlers:1737 - 127.0.0.1:49711 - "POST /api/login-popup-summary HTTP/1.1" 200
2026-06-24 16:57:58.742 | WARNING  | logging:callHandlers:1737 - StatReload detected changes in 'services\ai_service.py'. Reloading...
2026-06-24 16:57:58.847 | INFO     | logging:callHandlers:1737 - Shutting down
2026-06-24 16:57:58.955 | INFO     | logging:callHandlers:1737 - Waiting for application shutdown.
2026-06-24 16:57:58.956 | INFO     | logging:callHandlers:1737 - Application shutdown complete.
2026-06-24 16:57:58.957 | INFO     | logging:callHandlers:1737 - Finished server process [11116]
2026-06-24 16:58:01.227 | INFO     | logging:callHandlers:1737 - Started server process [1756]
2026-06-24 16:58:01.228 | INFO     | logging:callHandlers:1737 - Waiting for application startup.
2026-06-24 16:58:01.229 | INFO     | main:startup:62 - 🚀 SurveyCXM Popup API starting up...
2026-06-24 16:58:01.966 | INFO     | main:startup:65 - ✅ Database pre-warmed successfully
2026-06-24 16:58:01.967 | INFO     | main:startup:70 - 🌐 API is available at: http://127.0.0.1:8000/
2026-06-24 16:58:01.968 | INFO     | logging:callHandlers:1737 - Application startup complete.
2026-06-24 16:59:09.223 | ERROR    | services.tts_service:generate_audio_file:87 - TTS Generation failed or timed out: 
2026-06-24 16:59:09.224 | INFO     | logging:callHandlers:1737 - 127.0.0.1:49744 - "POST /api/login-popup-summary HTTP/1.1" 200
2026-06-24 16:59:52.440 | WARNING  | logging:callHandlers:1737 - StatReload detected changes in 'services\tts_service.py'. Reloading...
2026-06-24 16:59:52.446 | INFO     | logging:callHandlers:1737 - Shutting down
2026-06-24 16:59:52.555 | INFO     | logging:callHandlers:1737 - Waiting for application shutdown.
2026-06-24 16:59:52.556 | INFO     | logging:callHandlers:1737 - Application shutdown complete.
2026-06-24 16:59:52.557 | INFO     | logging:callHandlers:1737 - Finished server process [1756]
2026-06-24 16:59:54.582 | INFO     | logging:callHandlers:1737 - Started server process [640]
2026-06-24 16:59:54.583 | INFO     | logging:callHandlers:1737 - Waiting for application startup.
2026-06-24 16:59:54.583 | INFO     | main:startup:62 - 🚀 SurveyCXM Popup API starting up...
2026-06-24 16:59:55.352 | INFO     | main:startup:65 - ✅ Database pre-warmed successfully
2026-06-24 16:59:55.354 | INFO     | main:startup:70 - 🌐 API is available at: http://127.0.0.1:8000/
2026-06-24 16:59:55.356 | INFO     | logging:callHandlers:1737 - Application startup complete.
2026-06-24 17:01:07.541 | INFO     | logging:callHandlers:1737 - 127.0.0.1:49811 - "POST /api/login-popup-summary HTTP/1.1" 200
2026-06-24 17:02:25.702 | INFO     | logging:callHandlers:1737 - 127.0.0.1:49836 - "POST /api/login-popup-summary HTTP/1.1" 200
2026-06-24 17:26:40.817 | WARNING  | logging:callHandlers:1737 - StatReload detected changes in 'services\tts_service.py'. Reloading...
2026-06-24 17:26:40.886 | INFO     | logging:callHandlers:1737 - Shutting down
2026-06-24 17:26:41.002 | INFO     | logging:callHandlers:1737 - Waiting for application shutdown.
2026-06-24 17:26:41.004 | INFO     | logging:callHandlers:1737 - Application shutdown complete.
2026-06-24 17:26:41.006 | INFO     | logging:callHandlers:1737 - Finished server process [640]
2026-06-24 17:28:56.074 | INFO     | logging:callHandlers:1737 - Uvicorn running on http://0.0.0.0:8000 (Press CTRL+C to quit)
2026-06-24 17:28:56.075 | INFO     | logging:callHandlers:1737 - Started reloader process [3660] using StatReload
2026-06-24 17:28:58.829 | INFO     | logging:callHandlers:1737 - Started server process [17632]
2026-06-24 17:28:58.830 | INFO     | logging:callHandlers:1737 - Waiting for application startup.
2026-06-24 17:28:58.831 | INFO     | main:startup:62 - 🚀 SurveyCXM Popup API starting up...
2026-06-24 17:28:59.627 | INFO     | main:startup:65 - ✅ Database pre-warmed successfully
2026-06-24 17:28:59.628 | INFO     | main:startup:70 - 🌐 API is available at: http://127.0.0.1:8000/
2026-06-24 17:28:59.629 | INFO     | logging:callHandlers:1737 - Application startup complete.
2026-06-24 17:30:09.707 | INFO     | logging:callHandlers:1737 - 127.0.0.1:50372 - "GET / HTTP/1.1" 200
2026-06-24 17:30:09.858 | INFO     | logging:callHandlers:1737 - 127.0.0.1:50372 - "GET /favicon.ico HTTP/1.1" 404
2026-06-24 17:30:15.084 | INFO     | logging:callHandlers:1737 - 127.0.0.1:50396 - "GET /docs HTTP/1.1" 200
2026-06-24 17:30:15.161 | INFO     | logging:callHandlers:1737 - 127.0.0.1:50396 - "GET /openapi.json HTTP/1.1" 200
2026-06-24 17:31:22.147 | INFO     | services.tts_service:cleanup_old_audio_files:62 - Cleaned up old audio file: static\audio\tts_050f3dd2d16942a1a2ada6ca396b3b10.mp3
2026-06-24 17:31:22.148 | INFO     | services.tts_service:cleanup_old_audio_files:62 - Cleaned up old audio file: static\audio\tts_0640303d83ea450da985eb5e435a7115.mp3
2026-06-24 17:31:22.149 | INFO     | services.tts_service:cleanup_old_audio_files:62 - Cleaned up old audio file: static\audio\tts_5878fee47e7a4ead9df950dfd095c167.mp3
2026-06-24 17:31:22.149 | INFO     | services.tts_service:cleanup_old_audio_files:62 - Cleaned up old audio file: static\audio\tts_5878fee47e7a4ead9df950dfd095c167.mp3
2026-06-24 17:31:22.150 | INFO     | services.tts_service:cleanup_old_audio_files:62 - Cleaned up old audio file: static\audio\tts_ab555310412a4ce692bde7864c222a7e.mp3
2026-06-24 17:31:22.150 | INFO     | services.tts_service:cleanup_old_audio_files:62 - Cleaned up old audio file: static\audio\tts_b97d256257254518a8729d6c66e198b0.mp3
2026-06-24 17:31:22.151 | INFO     | services.tts_service:cleanup_old_audio_files:62 - Cleaned up old audio file: static\audio\tts_c672ed83f6e84574af76c727cbf6f53b.mp3
2026-06-24 17:31:22.151 | INFO     | services.tts_service:cleanup_old_audio_files:62 - Cleaned up old audio file: static\audio\tts_d46b56f5f96f4390a9e55bd0e90a5446.mp3
2026-06-24 17:31:22.152 | INFO     | services.tts_service:cleanup_old_audio_files:62 - Cleaned up old audio file: static\audio\tts_d967101524d3413c8d2a04ec9729eea4.mp3
2026-06-24 17:31:22.152 | INFO     | services.tts_service:cleanup_old_audio_files:62 - Cleaned up old audio file: static\audio\tts_f00115de391843078989eff42aab4900.mp3
2026-06-24 17:31:22.152 | INFO     | services.tts_service:cleanup_old_audio_files:62 - Cleaned up old audio file: static\audio\tts_fb30055689004bfb975f43074ca2bbcc.mp3
2026-06-24 17:31:30.025 | INFO     | logging:callHandlers:1737 - 127.0.0.1:50414 - "POST /api/login-popup-summary HTTP/1.1" 200
2026-06-24 17:33:44.617 | INFO     | logging:callHandlers:1737 - Shutting down
2026-06-24 17:33:44.726 | INFO     | logging:callHandlers:1737 - Waiting for application shutdown.
2026-06-24 17:33:44.727 | INFO     | logging:callHandlers:1737 - Application shutdown complete.
2026-06-24 17:33:44.728 | INFO     | logging:callHandlers:1737 - Finished server process [17632]
2026-06-24 17:33:45.032 | INFO     | logging:callHandlers:1737 - Stopping reloader process [3660]
2026-06-24 17:33:54.829 | INFO     | logging:callHandlers:1737 - Uvicorn running on http://0.0.0.0:8000 (Press CTRL+C to quit)
2026-06-24 17:33:54.830 | INFO     | logging:callHandlers:1737 - Started reloader process [8232] using StatReload
2026-06-24 17:33:56.462 | INFO     | logging:callHandlers:1737 - Started server process [11284]
2026-06-24 17:33:56.463 | INFO     | logging:callHandlers:1737 - Waiting for application startup.
2026-06-24 17:33:56.464 | INFO     | main:startup:62 - 🚀 SurveyCXM Popup API starting up...
2026-06-24 17:33:57.103 | INFO     | main:startup:65 - ✅ Database pre-warmed successfully
2026-06-24 17:33:57.104 | INFO     | main:startup:70 - 🌐 API is available at: http://127.0.0.1:8000/
2026-06-24 17:33:57.106 | INFO     | logging:callHandlers:1737 - Application startup complete.
2026-06-24 17:40:10.840 | INFO     | logging:callHandlers:1737 - Shutting down
2026-06-24 17:40:10.957 | INFO     | logging:callHandlers:1737 - Waiting for application shutdown.
2026-06-24 17:40:10.959 | INFO     | logging:callHandlers:1737 - Application shutdown complete.
2026-06-24 17:40:10.960 | INFO     | logging:callHandlers:1737 - Finished server process [11284]
2026-06-24 17:40:11.155 | INFO     | logging:callHandlers:1737 - Stopping reloader process [8232]
2026-06-25 15:26:23.099 | INFO     | logging:callHandlers:1737 - Uvicorn running on http://0.0.0.0:8000 (Press CTRL+C to quit)
2026-06-25 15:26:23.101 | INFO     | logging:callHandlers:1737 - Started reloader process [10080] using StatReload
2026-06-25 15:26:25.405 | INFO     | logging:callHandlers:1737 - Started server process [8592]
2026-06-25 15:26:25.405 | INFO     | logging:callHandlers:1737 - Waiting for application startup.
2026-06-25 15:26:25.406 | INFO     | main:startup:62 - 🚀 SurveyCXM Popup API starting up...
2026-06-25 15:26:27.396 | INFO     | main:startup:65 - ✅ Database pre-warmed successfully
2026-06-25 15:26:27.397 | INFO     | main:startup:70 - 🌐 API is available at: http://127.0.0.1:8000/
2026-06-25 15:26:27.398 | INFO     | logging:callHandlers:1737 - Application startup complete.
2026-06-25 15:27:01.385 | INFO     | logging:callHandlers:1737 - 127.0.0.1:55830 - "GET / HTTP/1.1" 200
2026-06-25 15:27:05.518 | INFO     | logging:callHandlers:1737 - 127.0.0.1:55830 - "GET /docs HTTP/1.1" 200
2026-06-25 15:27:05.591 | INFO     | logging:callHandlers:1737 - 127.0.0.1:55830 - "GET /openapi.json HTTP/1.1" 200
2026-06-25 15:28:37.384 | WARNING  | services.tts_service:cleanup_old_audio_files:64 - Failed to clean up static\audio\tts_23eea008c2354a70a3cd8b053f420406.mp3: [WinError 2] The system cannot find the file specified: 'static\\audio\\tts_23eea008c2354a70a3cd8b053f420406.mp3'
2026-06-25 15:28:37.384 | INFO     | services.tts_service:cleanup_old_audio_files:62 - Cleaned up old audio file: static\audio\tts_23eea008c2354a70a3cd8b053f420406.mp3
2026-06-25 15:28:37.386 | INFO     | services.tts_service:cleanup_old_audio_files:62 - Cleaned up old audio file: static\audio\tts_253b0eecbd464495ab146266d21d051c.mp3
2026-06-25 15:28:37.387 | INFO     | services.tts_service:cleanup_old_audio_files:62 - Cleaned up old audio file: static\audio\tts_70ea11b65e6b41d288f331fe33b14f63.mp3
2026-06-25 15:28:37.389 | WARNING  | services.tts_service:cleanup_old_audio_files:64 - Failed to clean up static\audio\tts_bcd64001957849a88105c670b2bbbc74.mp3: [WinError 2] The system cannot find the file specified: 'static\\audio\\tts_bcd64001957849a88105c670b2bbbc74.mp3'
2026-06-25 15:28:37.389 | INFO     | services.tts_service:cleanup_old_audio_files:62 - Cleaned up old audio file: static\audio\tts_bcd64001957849a88105c670b2bbbc74.mp3
2026-06-25 15:28:44.716 | INFO     | logging:callHandlers:1737 - 127.0.0.1:55831 - "POST /api/login-popup-summary HTTP/1.1" 200
2026-06-25 15:29:40.001 | WARNING  | logging:callHandlers:1737 - StatReload detected changes in 'services\tts_service.py'. Reloading...
2026-06-25 15:29:40.106 | INFO     | logging:callHandlers:1737 - Shutting down
2026-06-25 15:29:40.215 | INFO     | logging:callHandlers:1737 - Waiting for application shutdown.
2026-06-25 15:29:40.217 | INFO     | logging:callHandlers:1737 - Application shutdown complete.
2026-06-25 15:29:40.218 | INFO     | logging:callHandlers:1737 - Finished server process [8592]
2026-06-25 15:29:42.443 | INFO     | logging:callHandlers:1737 - Started server process [20044]
2026-06-25 15:29:42.444 | INFO     | logging:callHandlers:1737 - Waiting for application startup.
2026-06-25 15:29:42.445 | INFO     | main:startup:62 - 🚀 SurveyCXM Popup API starting up...
2026-06-25 15:29:44.008 | INFO     | main:startup:65 - ✅ Database pre-warmed successfully
2026-06-25 15:29:44.009 | INFO     | main:startup:70 - 🌐 API is available at: http://127.0.0.1:8000/
2026-06-25 15:29:44.010 | INFO     | logging:callHandlers:1737 - Application startup complete.
2026-06-25 15:32:41.817 | WARNING  | logging:callHandlers:1737 - StatReload detected changes in 'routes\popup.py'. Reloading...
2026-06-25 15:32:41.885 | INFO     | logging:callHandlers:1737 - Shutting down
2026-06-25 15:32:41.993 | INFO     | logging:callHandlers:1737 - Waiting for application shutdown.
2026-06-25 15:32:41.994 | INFO     | logging:callHandlers:1737 - Application shutdown complete.
2026-06-25 15:32:41.995 | INFO     | logging:callHandlers:1737 - Finished server process [20044]
2026-06-25 15:32:44.091 | INFO     | logging:callHandlers:1737 - Started server process [16624]
2026-06-25 15:32:44.092 | INFO     | logging:callHandlers:1737 - Waiting for application startup.
2026-06-25 15:32:44.092 | INFO     | main:startup:62 - 🚀 SurveyCXM Popup API starting up...
2026-06-25 15:32:44.704 | INFO     | main:startup:65 - ✅ Database pre-warmed successfully
2026-06-25 15:32:44.705 | INFO     | main:startup:70 - 🌐 API is available at: http://127.0.0.1:8000/
2026-06-25 15:32:44.705 | INFO     | logging:callHandlers:1737 - Application startup complete.
2026-06-25 15:33:37.408 | WARNING  | logging:callHandlers:1737 - StatReload detected changes in 'services\ai_service.py'. Reloading...
2026-06-25 15:33:37.426 | INFO     | logging:callHandlers:1737 - Shutting down
2026-06-25 15:33:37.534 | INFO     | logging:callHandlers:1737 - Waiting for application shutdown.
2026-06-25 15:33:37.535 | INFO     | logging:callHandlers:1737 - Application shutdown complete.
2026-06-25 15:33:37.536 | INFO     | logging:callHandlers:1737 - Finished server process [16624]
2026-06-25 15:33:39.351 | INFO     | logging:callHandlers:1737 - Started server process [16804]
2026-06-25 15:33:39.352 | INFO     | logging:callHandlers:1737 - Waiting for application startup.
2026-06-25 15:33:39.352 | INFO     | main:startup:62 - 🚀 SurveyCXM Popup API starting up...
2026-06-25 15:33:40.454 | INFO     | main:startup:65 - ✅ Database pre-warmed successfully
2026-06-25 15:33:40.455 | INFO     | main:startup:70 - 🌐 API is available at: http://127.0.0.1:8000/
2026-06-25 15:33:40.456 | INFO     | logging:callHandlers:1737 - Application startup complete.
2026-06-25 15:36:46.150 | INFO     | logging:callHandlers:1737 - 127.0.0.1:55944 - "POST /api/login-popup-summary HTTP/1.1" 200
2026-06-25 15:37:30.782 | WARNING  | logging:callHandlers:1737 - StatReload detected changes in 'services\ai_service.py'. Reloading...
2026-06-25 15:37:30.799 | INFO     | logging:callHandlers:1737 - Shutting down
2026-06-25 15:37:30.907 | INFO     | logging:callHandlers:1737 - Waiting for application shutdown.
2026-06-25 15:37:30.908 | INFO     | logging:callHandlers:1737 - Application shutdown complete.
2026-06-25 15:37:30.908 | INFO     | logging:callHandlers:1737 - Finished server process [16804]
2026-06-25 15:37:32.856 | INFO     | logging:callHandlers:1737 - Started server process [14000]
2026-06-25 15:37:32.857 | INFO     | logging:callHandlers:1737 - Waiting for application startup.
2026-06-25 15:37:32.858 | INFO     | main:startup:62 - 🚀 SurveyCXM Popup API starting up...
2026-06-25 15:37:34.135 | INFO     | main:startup:65 - ✅ Database pre-warmed successfully
2026-06-25 15:37:34.136 | INFO     | main:startup:70 - 🌐 API is available at: http://127.0.0.1:8000/
2026-06-25 15:37:34.137 | INFO     | logging:callHandlers:1737 - Application startup complete.
2026-06-25 15:42:52.622 | INFO     | logging:callHandlers:1737 - 127.0.0.1:56023 - "POST /api/login-popup-summary HTTP/1.1" 200
2026-06-25 15:43:16.983 | WARNING  | logging:callHandlers:1737 - StatReload detected changes in 'routes\popup.py'. Reloading...
2026-06-25 15:43:17.020 | INFO     | logging:callHandlers:1737 - Shutting down
2026-06-25 15:43:17.128 | INFO     | logging:callHandlers:1737 - Waiting for application shutdown.
2026-06-25 15:43:17.130 | INFO     | logging:callHandlers:1737 - Application shutdown complete.
2026-06-25 15:43:17.131 | INFO     | logging:callHandlers:1737 - Finished server process [14000]
2026-06-25 15:43:48.386 | INFO     | logging:callHandlers:1737 - Stopping reloader process [10080]
2026-06-25 15:52:08.909 | INFO     | logging:callHandlers:1737 - Uvicorn running on http://0.0.0.0:8000 (Press CTRL+C to quit)
2026-06-25 15:52:08.910 | INFO     | logging:callHandlers:1737 - Started reloader process [11876] using StatReload
2026-06-25 15:52:10.415 | INFO     | logging:callHandlers:1737 - Started server process [20572]
2026-06-25 15:52:10.415 | INFO     | logging:callHandlers:1737 - Waiting for application startup.
2026-06-25 15:52:10.415 | INFO     | main:startup:62 - 🚀 SurveyCXM Popup API starting up...
2026-06-25 15:52:12.006 | INFO     | main:startup:65 - ✅ Database pre-warmed successfully
2026-06-25 15:52:12.006 | INFO     | main:startup:70 - 🌐 API is available at: http://127.0.0.1:8000/
2026-06-25 15:52:12.007 | INFO     | logging:callHandlers:1737 - Application startup complete.
2026-06-25 15:52:56.110 | INFO     | logging:callHandlers:1737 - 127.0.0.1:56144 - "POST /api/login-popup-summary HTTP/1.1" 200
2026-06-25 15:53:20.518 | INFO     | logging:callHandlers:1737 - 127.0.0.1:56153 - "POST /api/ask-ai HTTP/1.1" 200
2026-06-25 16:01:11.946 | WARNING  | logging:callHandlers:1737 - StatReload detected changes in 'services\tts_service.py'. Reloading...
2026-06-29 09:56:13.371 | INFO     | logging:callHandlers:1737 - Uvicorn running on http://0.0.0.0:8000 (Press CTRL+C to quit)
2026-06-29 09:56:13.372 | INFO     | logging:callHandlers:1737 - Started reloader process [4760] using StatReload
2026-06-29 09:56:15.071 | INFO     | logging:callHandlers:1737 - Started server process [19008]
2026-06-29 09:56:15.072 | INFO     | logging:callHandlers:1737 - Waiting for application startup.
2026-06-29 09:56:15.072 | INFO     | main:startup:62 - 🚀 SurveyCXM Popup API starting up...
2026-06-29 09:56:16.680 | INFO     | main:startup:65 - ✅ Database pre-warmed successfully
2026-06-29 09:56:16.681 | INFO     | main:startup:70 - 🌐 API is available at: http://127.0.0.1:8000/
2026-06-29 09:56:16.681 | INFO     | logging:callHandlers:1737 - Application startup complete.
2026-06-29 09:56:19.438 | INFO     | logging:callHandlers:1737 - 127.0.0.1:51038 - "GET / HTTP/1.1" 200
2026-06-29 09:56:19.463 | INFO     | logging:callHandlers:1737 - 127.0.0.1:51038 - "GET /favicon.ico HTTP/1.1" 404
2026-06-29 09:56:23.457 | INFO     | logging:callHandlers:1737 - 127.0.0.1:51038 - "GET /docs HTTP/1.1" 200
2026-06-29 09:56:23.692 | INFO     | logging:callHandlers:1737 - 127.0.0.1:51038 - "GET /openapi.json HTTP/1.1" 200
2026-06-29 09:57:24.934 | INFO     | logging:callHandlers:1737 - 127.0.0.1:51039 - "POST /api/login-popup-summary HTTP/1.1" 200
2026-06-29 09:59:58.855 | WARNING  | logging:callHandlers:1737 - StatReload detected changes in 'routes\popup.py'. Reloading...
2026-06-29 09:59:58.907 | INFO     | logging:callHandlers:1737 - Shutting down
2026-06-29 09:59:59.009 | INFO     | logging:callHandlers:1737 - Waiting for application shutdown.
2026-06-29 09:59:59.010 | INFO     | logging:callHandlers:1737 - Application shutdown complete.
2026-06-29 09:59:59.011 | INFO     | logging:callHandlers:1737 - Finished server process [19008]
2026-06-29 10:00:01.424 | INFO     | logging:callHandlers:1737 - Started server process [3352]
2026-06-29 10:00:01.425 | INFO     | logging:callHandlers:1737 - Waiting for application startup.
2026-06-29 10:00:01.425 | INFO     | main:startup:62 - 🚀 SurveyCXM Popup API starting up...
2026-06-29 10:00:02.588 | INFO     | main:startup:65 - ✅ Database pre-warmed successfully
2026-06-29 10:00:02.589 | INFO     | main:startup:70 - 🌐 API is available at: http://127.0.0.1:8000/
2026-06-29 10:00:02.591 | INFO     | logging:callHandlers:1737 - Application startup complete.
2026-06-29 10:02:05.276 | WARNING  | logging:callHandlers:1737 - StatReload detected changes in 'config.py'. Reloading...
2026-06-29 10:02:05.304 | INFO     | logging:callHandlers:1737 - Shutting down
2026-06-29 10:02:05.416 | INFO     | logging:callHandlers:1737 - Waiting for application shutdown.
2026-06-29 10:02:05.417 | INFO     | logging:callHandlers:1737 - Application shutdown complete.
2026-06-29 10:02:05.418 | INFO     | logging:callHandlers:1737 - Finished server process [3352]
2026-06-29 10:02:08.219 | INFO     | logging:callHandlers:1737 - Started server process [19580]
2026-06-29 10:02:08.220 | INFO     | logging:callHandlers:1737 - Waiting for application startup.
2026-06-29 10:02:08.220 | INFO     | main:startup:62 - 🚀 SurveyCXM Popup API starting up...
2026-06-29 10:02:08.997 | INFO     | main:startup:65 - ✅ Database pre-warmed successfully
2026-06-29 10:02:08.998 | INFO     | main:startup:70 - 🌐 API is available at: http://127.0.0.1:8000/
2026-06-29 10:02:08.999 | INFO     | logging:callHandlers:1737 - Application startup complete.
2026-06-29 10:02:13.009 | WARNING  | logging:callHandlers:1737 - StatReload detected changes in 'routes\popup.py'. Reloading...
2026-06-29 10:02:13.062 | INFO     | logging:callHandlers:1737 - Shutting down
2026-06-29 10:02:13.172 | INFO     | logging:callHandlers:1737 - Waiting for application shutdown.
2026-06-29 10:02:13.174 | INFO     | logging:callHandlers:1737 - Application shutdown complete.
2026-06-29 10:02:13.176 | INFO     | logging:callHandlers:1737 - Finished server process [19580]
2026-06-29 10:02:15.331 | INFO     | logging:callHandlers:1737 - Started server process [6480]
2026-06-29 10:02:15.332 | INFO     | logging:callHandlers:1737 - Waiting for application startup.
2026-06-29 10:02:15.333 | INFO     | main:startup:62 - 🚀 SurveyCXM Popup API starting up...
2026-06-29 10:02:16.833 | INFO     | main:startup:65 - ✅ Database pre-warmed successfully
2026-06-29 10:02:16.834 | INFO     | main:startup:70 - 🌐 API is available at: http://127.0.0.1:8000/
2026-06-29 10:02:16.835 | INFO     | logging:callHandlers:1737 - Application startup complete.
2026-06-29 10:03:40.482 | WARNING  | logging:callHandlers:1737 - StatReload detected changes in 'test_api.py'. Reloading...
2026-06-29 10:03:40.523 | INFO     | logging:callHandlers:1737 - Shutting down
2026-06-29 10:03:40.635 | INFO     | logging:callHandlers:1737 - Waiting for application shutdown.
2026-06-29 10:03:40.637 | INFO     | logging:callHandlers:1737 - Application shutdown complete.
2026-06-29 10:03:40.638 | INFO     | logging:callHandlers:1737 - Finished server process [6480]
2026-06-29 10:03:42.827 | INFO     | logging:callHandlers:1737 - Started server process [2736]
2026-06-29 10:03:42.828 | INFO     | logging:callHandlers:1737 - Waiting for application startup.
2026-06-29 10:03:42.829 | INFO     | main:startup:62 - 🚀 SurveyCXM Popup API starting up...
2026-06-29 10:03:44.580 | INFO     | main:startup:65 - ✅ Database pre-warmed successfully
2026-06-29 10:03:44.581 | INFO     | main:startup:70 - 🌐 API is available at: http://127.0.0.1:8000/
2026-06-29 10:03:44.582 | INFO     | logging:callHandlers:1737 - Application startup complete.
2026-06-29 10:06:25.554 | INFO     | logging:callHandlers:1737 - 127.0.0.1:51213 - "POST /api/login-popup-summary HTTP/1.1" 200
2026-06-29 10:17:41.341 | WARNING  | logging:callHandlers:1737 - StatReload detected changes in 'test_api.py'. Reloading...
2026-06-29 10:17:41.384 | INFO     | logging:callHandlers:1737 - Shutting down
2026-06-29 10:17:41.499 | INFO     | logging:callHandlers:1737 - Waiting for application shutdown.
2026-06-29 10:17:41.501 | INFO     | logging:callHandlers:1737 - Application shutdown complete.
2026-06-29 10:17:41.502 | INFO     | logging:callHandlers:1737 - Finished server process [2736]
2026-06-29 10:17:44.001 | INFO     | logging:callHandlers:1737 - Started server process [15808]
2026-06-29 10:17:44.002 | INFO     | logging:callHandlers:1737 - Waiting for application startup.
2026-06-29 10:17:44.003 | INFO     | main:startup:62 - 🚀 SurveyCXM Popup API starting up...
2026-06-29 10:17:44.632 | INFO     | main:startup:65 - ✅ Database pre-warmed successfully
2026-06-29 10:17:44.633 | INFO     | main:startup:70 - 🌐 API is available at: http://127.0.0.1:8000/
2026-06-29 10:17:44.633 | INFO     | logging:callHandlers:1737 - Application startup complete.
2026-06-29 10:18:32.259 | WARNING  | logging:callHandlers:1737 - StatReload detected changes in 'test_api.py'. Reloading...
2026-06-29 10:18:32.300 | INFO     | logging:callHandlers:1737 - Shutting down
2026-06-29 10:18:32.415 | INFO     | logging:callHandlers:1737 - Waiting for connections to close. (CTRL+C to force quit)
2026-06-29 10:18:41.301 | INFO     | logging:callHandlers:1737 - 127.0.0.1:51625 - "POST /api/login-popup-summary HTTP/1.1" 200
2026-06-29 10:18:41.394 | INFO     | logging:callHandlers:1737 - Waiting for background tasks to complete. (CTRL+C to force quit)
2026-06-29 10:18:50.628 | INFO     | logging:callHandlers:1737 - Waiting for application shutdown.
2026-06-29 10:18:50.631 | INFO     | logging:callHandlers:1737 - Application shutdown complete.
2026-06-29 10:18:50.633 | INFO     | logging:callHandlers:1737 - Finished server process [15808]
2026-06-29 10:18:52.499 | INFO     | logging:callHandlers:1737 - Started server process [1800]
2026-06-29 10:18:52.500 | INFO     | logging:callHandlers:1737 - Waiting for application startup.
2026-06-29 10:18:52.500 | INFO     | main:startup:62 - 🚀 SurveyCXM Popup API starting up...
2026-06-29 10:18:53.326 | INFO     | main:startup:65 - ✅ Database pre-warmed successfully
2026-06-29 10:18:53.327 | INFO     | main:startup:70 - 🌐 API is available at: http://127.0.0.1:8000/
2026-06-29 10:18:53.329 | INFO     | logging:callHandlers:1737 - Application startup complete.
